{
    "split": "mixed_missing",
    "best_monitor_metric": 0.7782849709192912,
    "best_metrics": {
        "val_loss": 0.3568779577811559,
        "val_cindex": 0.7782849709192912
    }
}