{
    "split": "histo_missing",
    "best_monitor_metric": 0.8118533968925477,
    "best_metrics": {
        "val_loss": 0.3523717810710271,
        "val_cindex": 0.8118533968925477
    }
}