{
    "split": "mixed_missing",
    "best_monitor_metric": 0.8676562110582987,
    "best_metrics": {
        "val_loss": 0.4786035888724901,
        "val_cindex": 0.8676562110582987
    }
}