{
    "split": "ct_missing",
    "best_monitor_metric": 0.8654183427492778,
    "best_metrics": {
        "val_loss": 1.7020870368927716,
        "val_cindex": 0.8654183427492778
    }
}