{
    "split": "mixed_missing",
    "best_monitor_metric": 0.809829032421112,
    "best_metrics": {
        "val_loss": 0.4831982559627967,
        "val_cindex": 0.809829032421112
    }
}