{
    "split": "histo_missing",
    "best_monitor_metric": 0.8482815901438395,
    "best_metrics": {
        "val_loss": 0.20990680588617275,
        "val_cindex": 0.8482815901438395
    }
}