{
    "split": "histo_missing",
    "best_monitor_metric": 0.7120083411534627,
    "best_metrics": {
        "val_loss": 0.28652366797129314,
        "val_cindex": 0.7120083411534627
    }
}