{
    "split": "mixed_missing",
    "best_monitor_metric": 0.6801561951637268,
    "best_metrics": {
        "val_loss": 0.8833671897649765,
        "val_cindex": 0.6801561951637268
    }
}