{
    "split": "histo_missing",
    "best_monitor_metric": 0.6298253218332927,
    "best_metrics": {
        "val_loss": 0.25942537089188894,
        "val_cindex": 0.6298253218332927
    }
}