{
    "split": "mixed_missing",
    "best_monitor_metric": 0.5936714331309001,
    "best_metrics": {
        "val_loss": 0.25941586395104727,
        "val_cindex": 0.5936714331309001
    }
}