{
    "split": "histo_missing",
    "best_monitor_metric": 0.8179278294245402,
    "best_metrics": {
        "val_loss": 0.0,
        "val_cindex": 0.8179278294245402
    }
}