{
    "split": "mixed_missing",
    "best_monitor_metric": 0.7357080221176148,
    "best_metrics": {
        "val_loss": 0.0,
        "val_cindex": 0.7357080221176148
    }
}