{
    "split": "ct_missing",
    "best_monitor_metric": 0.8506759683291117,
    "best_metrics": {
        "val_loss": 0.049919989456733066,
        "val_cindex": 0.8506759683291117
    }
}