{
    "split": "histo_missing",
    "best_monitor_metric": 0.7410671790440877,
    "best_metrics": {
        "val_loss": 1.8099182420306734,
        "val_cindex": 0.7410671790440877
    }
}