{
    "split": "mixed_missing",
    "best_monitor_metric": 0.7347130020459492,
    "best_metrics": {
        "val_loss": 1.7769898335138954,
        "val_cindex": 0.7347130020459492
    }
}