{
    "split": "histo_missing",
    "best_monitor_metric": 0.7816488186518351,
    "best_metrics": {
        "val_loss": 0.05605564887324969,
        "val_cindex": 0.7816488186518351
    }
}