{
    "split": "mixed_missing",
    "best_monitor_metric": 0.7863912383715311,
    "best_metrics": {
        "val_loss": 0.07499297012885411,
        "val_cindex": 0.7863912383715311
    }
}