{
    "split": "mixed_missing",
    "best_monitor_metric": 0.699999996026357,
    "best_metrics": {
        "val_loss": 0.0,
        "val_cindex": 0.699999996026357
    }
}