{
    "split": "ct_missing",
    "best_monitor_metric": 0.6813675920168559,
    "best_metrics": {
        "val_loss": 0.2653566797574361,
        "val_cindex": 0.6813675920168559
    }
}