{
    "split": "histo_missing",
    "best_monitor_metric": 0.7193289995193481,
    "best_metrics": {
        "val_loss": 0.23096302648385367,
        "val_cindex": 0.7193289995193481
    }
}