{
    "split": "mixed_missing",
    "best_monitor_metric": 0.6858272711435954,
    "best_metrics": {
        "val_loss": 0.2330865720907847,
        "val_cindex": 0.6858272711435954
    }
}