{
    "split": "mixed_missing",
    "best_monitor_metric": 0.5830296158790589,
    "best_metrics": {
        "val_loss": 0.16512284676233926,
        "val_cindex": 0.5830296158790589
    }
}