{
    "fold_results": [
        {
            "fold": 0,
            "num_train_samples": 61,
            "num_test_samples": 22,
            "best_metrics": {
                "val_cindex": 0.7867646813392639,
                "val_loss": 0.27998655289411545
            }
        },
        {
            "fold": 1,
            "num_train_samples": 65,
            "num_test_samples": 18,
            "best_metrics": {
                "val_cindex": 0.681506872177124,
                "val_loss": 0.14986447989940643
            }
        },
        {
            "fold": 2,
            "num_train_samples": 59,
            "num_test_samples": 24,
            "best_metrics": {
                "val_cindex": 0.7236286997795105,
                "val_loss": 0.1603083461523056
            }
        },
        {
            "fold": 3,
            "num_train_samples": 64,
            "num_test_samples": 19,
            "best_metrics": {
                "val_cindex": 0.7878788113594055,
                "val_loss": 0.25896182656288147
            }
        }
    ],
    "mean_metrics": {
        "val_cindex": 0.744944766163826,
        "val_loss": 0.21228030137717724
    },
    "std_metrics": {
        "val_cindex": 0.044919312722106156,
        "val_loss": 0.057792993063128885
    }
}