{
    "split": "histo_missing",
    "best_monitor_metric": 0.6745454668998718,
    "best_metrics": {
        "val_loss": 0.0,
        "val_cindex": 0.6745454668998718
    }
}