{
    "split": "ct_missing",
    "best_monitor_metric": 0.6596598545710246,
    "best_metrics": {
        "val_loss": 0.21021990577379862,
        "val_cindex": 0.6596598545710246
    }
}