{
    "split": "mixed_missing",
    "best_monitor_metric": 0.7794513901074728,
    "best_metrics": {
        "val_loss": 0.16919382413228354,
        "val_cindex": 0.7794513901074728
    }
}