{
    "split": "histo_missing",
    "best_monitor_metric": 0.8491756121317545,
    "best_metrics": {
        "val_loss": 0.1624606728553772,
        "val_cindex": 0.8491756121317545
    }
}