{
    "split": "histo_missing",
    "best_monitor_metric": 0.739086389541626,
    "best_metrics": {
        "val_loss": 0.3109164138643488,
        "val_cindex": 0.739086389541626
    }
}
