{
    "split": "ct_missing",
    "best_monitor_metric": 0.5933221101760864,
    "best_metrics": {
        "val_loss": 0.0,
        "val_cindex": 0.5933221101760864
    }
}