{
    "split": "histo_missing",
    "best_monitor_metric": 0.7715151349703471,
    "best_metrics": {
        "val_loss": 0.0,
        "val_cindex": 0.7715151349703471
    }
}