{
    "split": "mixed_missing",
    "best_monitor_metric": 0.7751514991124471,
    "best_metrics": {
        "val_loss": 0.0,
        "val_cindex": 0.7751514991124471
    }
}