{
    "split": "mixed_missing",
    "best_monitor_metric": 0.5633956571420033,
    "best_metrics": {
        "val_loss": 1.4591704116927253,
        "val_cindex": 0.5633956571420033
    }
}