{
    "split": "ct_missing",
    "best_monitor_metric": 0.5591655055681864,
    "best_metrics": {
        "val_loss": 1.462533133559757,
        "val_cindex": 0.5591655055681864
    }
}