{
    "split": "histo_missing",
    "best_monitor_metric": 0.6336575369040172,
    "best_metrics": {
        "val_loss": 0.0,
        "val_cindex": 0.6336575369040172
    }
}