{
    "split": "ct_missing",
    "best_monitor_metric": 0.7280303438504537,
    "best_metrics": {
        "val_loss": 0.3145526297184309,
        "val_cindex": 0.7280303438504537
    }
}