{
    "split": "histo_missing",
    "best_monitor_metric": 0.7909787575403849,
    "best_metrics": {
        "val_loss": 0.08375850915908814,
        "val_cindex": 0.7909787575403849
    }
}