{
    "split": "histo_missing",
    "best_monitor_metric": 0.6893659234046936,
    "best_metrics": {
        "val_loss": 0.16030927896499633,
        "val_cindex": 0.6893659234046936
    }
}