{
    "split": "ct_missing",
    "best_monitor_metric": 0.6381818195184071,
    "best_metrics": {
        "val_loss": 0.0,
        "val_cindex": 0.6381818195184071
    }
}