{
    "split": "histo_missing",
    "best_monitor_metric": 0.7311559955279032,
    "best_metrics": {
        "val_loss": 0.0,
        "val_cindex": 0.7311559955279032
    }
}