{
    "split": "ct_missing",
    "best_monitor_metric": 0.6445427020390828,
    "best_metrics": {
        "val_loss": 0.1498684585094452,
        "val_cindex": 0.6445427020390828
    }
}