{
    "split": "ct_missing",
    "best_monitor_metric": 0.6658927043279012,
    "best_metrics": {
        "val_loss": 0.25943638434012734,
        "val_cindex": 0.6658927043279012
    }
}