{
    "split": "ct_missing",
    "best_monitor_metric": 0.5419505099455516,
    "best_metrics": {
        "val_loss": 0.043321954707304634,
        "val_cindex": 0.5419505099455516
    }
}