{
    "fold_results": [
        {
            "fold": 0,
            "num_train_samples": 74,
            "best_monitor_values": {
                "ct_missing": 0.5640769978364308,
                "histo_missing": 0.6445967316627502,
                "mixed_missing": 0.5952826738357544
            },
            "best_metrics_per_split": {
                "ct_missing": {
                    "val_loss": 0.1704379936059316,
                    "val_cindex": 0.5640769978364308
                },
                "histo_missing": {
                    "val_loss": 0.33563019434611,
                    "val_cindex": 0.6445967316627502
                },
                "mixed_missing": {
                    "val_loss": 0.11980417519807815,
                    "val_cindex": 0.5952826738357544
                }
            }
        },
        {
            "fold": 1,
            "num_train_samples": 69,
            "best_monitor_values": {
                "ct_missing": 0.6239475170771281,
                "histo_missing": 0.7229136228561401,
                "mixed_missing": 0.8493333498636881
            },
            "best_metrics_per_split": {
                "ct_missing": {
                    "val_loss": 0.23523928523063659,
                    "val_cindex": 0.6239475170771281
                },
                "histo_missing": {
                    "val_loss": 0.2352439840634664,
                    "val_cindex": 0.7229136228561401
                },
                "mixed_missing": {
                    "val_loss": 0.23524357378482819,
                    "val_cindex": 0.8493333498636881
                }
            }
        },
        {
            "fold": 2,
            "num_train_samples": 63,
            "best_monitor_values": {
                "ct_missing": 0.5143800040086111,
                "histo_missing": 0.5168377816677093,
                "mixed_missing": 0.5303369224071502
            },
            "best_metrics_per_split": {
                "ct_missing": {
                    "val_loss": 0.41467881997426354,
                    "val_cindex": 0.5143800040086111
                },
                "histo_missing": {
                    "val_loss": 0.41455886761347455,
                    "val_cindex": 0.5168377816677093
                },
                "mixed_missing": {
                    "val_loss": 0.4138447711865107,
                    "val_cindex": 0.5303369224071502
                }
            }
        },
        {
            "fold": 3,
            "num_train_samples": 66,
            "best_monitor_values": {
                "ct_missing": 0.5246025999387105,
                "histo_missing": 0.5323907653490703,
                "mixed_missing": 0.5230039725701014
            },
            "best_metrics_per_split": {
                "ct_missing": {
                    "val_loss": 0.043386133015155794,
                    "val_cindex": 0.5246025999387105
                },
                "histo_missing": {
                    "val_loss": 0.04332169815897942,
                    "val_cindex": 0.5323907653490703
                },
                "mixed_missing": {
                    "val_loss": 0.04332169815897942,
                    "val_cindex": 0.5230039725701014
                }
            }
        },
        {
            "fold": 4,
            "num_train_samples": 76,
            "best_monitor_values": {
                "ct_missing": 0.5933221101760864,
                "histo_missing": 0.6032053271929423,
                "mixed_missing": 0.5745791256427765
            },
            "best_metrics_per_split": {
                "ct_missing": {
                    "val_loss": 0.0,
                    "val_cindex": 0.5933221101760864
                },
                "histo_missing": {
                    "val_loss": 0.0,
                    "val_cindex": 0.6032053271929423
                },
                "mixed_missing": {
                    "val_loss": 0.0,
                    "val_cindex": 0.5745791256427765
                }
            }
        }
    ]
}