{
    "split": "ct_missing",
    "best_monitor_metric": 0.6044281363487244,
    "best_metrics": {
        "val_loss": 0.41427215238412224,
        "val_cindex": 0.6044281363487244
    }
}