{
    "split": "histo_missing",
    "best_monitor_metric": 0.8905923287073771,
    "best_metrics": {
        "val_loss": 0.5534920334815979,
        "val_cindex": 0.8905923287073771
    }
}
