{
    "split": "mixed_missing",
    "best_monitor_metric": 0.8314403891563416,
    "best_metrics": {
        "val_loss": 0.13827073226372402,
        "val_cindex": 0.8314403891563416
    }
}
