{
    "split": "mixed_missing",
    "best_monitor_metric": 0.6619467814763387,
    "best_metrics": {
        "val_loss": 0.2352529436349869,
        "val_cindex": 0.6619467814763387
    }
}