{
    "split": "ct_missing",
    "best_monitor_metric": 0.659399934609731,
    "best_metrics": {
        "val_loss": 0.2352713018655777,
        "val_cindex": 0.659399934609731
    }
}