{
    "split": "mixed_missing",
    "best_monitor_metric": 0.6514551957448323,
    "best_metrics": {
        "val_loss": 0.14468600551287333,
        "val_cindex": 0.6514551957448323
    }
}