{
    "split": "ct_missing",
    "best_monitor_metric": 0.7392118493715922,
    "best_metrics": {
        "val_loss": 0.0883513664205869,
        "val_cindex": 0.7392118493715922
    }
}