{
    "split": "histo_missing",
    "best_monitor_metric": 0.7527436176935832,
    "best_metrics": {
        "val_loss": 0.4133905033270518,
        "val_cindex": 0.7527436176935832
    }
}