{
    "split": "mixed_missing",
    "best_monitor_metric": 0.6819666624069214,
    "best_metrics": {
        "val_loss": 0.05711718449989955,
        "val_cindex": 0.6819666624069214
    }
}