{
    "split": "ct_missing",
    "best_monitor_metric": 0.7230142672856649,
    "best_metrics": {
        "val_loss": 0.11257099956274033,
        "val_cindex": 0.7230142672856649
    }
}