{
    "split": "ct_missing",
    "best_monitor_metric": 0.8395945986111959,
    "best_metrics": {
        "val_loss": 0.08872217734654744,
        "val_cindex": 0.8395945986111959
    }
}