{
    "split": "mixed_missing",
    "best_monitor_metric": 0.8630167325337728,
    "best_metrics": {
        "val_loss": 0.07745520720879237,
        "val_cindex": 0.8630167325337728
    }
}
