{
    "split": "histo_missing",
    "best_monitor_metric": 0.8757384220759074,
    "best_metrics": {
        "val_loss": 0.05567500789960225,
        "val_cindex": 0.8757384220759074
    }
}