{
    "split": "ct_missing",
    "best_monitor_metric": 0.5640769978364308,
    "best_metrics": {
        "val_loss": 0.1704379936059316,
        "val_cindex": 0.5640769978364308
    }
}