{
    "split": "ct_missing",
    "best_monitor_metric": 0.7903786261876424,
    "best_metrics": {
        "val_loss": 0.17309118707974752,
        "val_cindex": 0.7903786261876424
    }
}