{
    "split": "mixed_missing",
    "best_monitor_metric": 0.7886827945709228,
    "best_metrics": {
        "val_loss": 0.16115395873785018,
        "val_cindex": 0.7886827945709228
    }
}