{
    "split": "ct_missing",
    "best_monitor_metric": 0.6659177800019582,
    "best_metrics": {
        "val_loss": 0.16061512728532154,
        "val_cindex": 0.6659177800019582
    }
}