{
    "split": "histo_missing",
    "best_monitor_metric": 0.7316572626431783,
    "best_metrics": {
        "val_loss": 0.16032280623912812,
        "val_cindex": 0.7316572626431783
    }
}