{
    "split": "mixed_missing",
    "best_monitor_metric": 0.8211492141087849,
    "best_metrics": {
        "val_loss": 0.05530927926301956,
        "val_cindex": 0.8211492141087849
    }
}