{
    "split": "ct_missing",
    "best_monitor_metric": 0.8027981281280517,
    "best_metrics": {
        "val_loss": 0.10250472476085028,
        "val_cindex": 0.8027981281280517
    }
}