{
    "split": "ct_missing",
    "best_monitor_metric": 0.7157575726509094,
    "best_metrics": {
        "val_loss": 0.0,
        "val_cindex": 0.7157575726509094
    }
}