{
    "split": "mixed_missing",
    "best_monitor_metric": 0.7060606002807617,
    "best_metrics": {
        "val_loss": 0.0,
        "val_cindex": 0.7060606002807617
    }
}