{
    "split": "histo_missing",
    "best_monitor_metric": 0.9573023438453674,
    "best_metrics": {
        "val_loss": 0.2304074803988138,
        "val_cindex": 0.9573023438453674
    }
}