{
    "split": "ct_missing",
    "best_monitor_metric": 0.7781398852666219,
    "best_metrics": {
        "val_loss": 0.23468721508979798,
        "val_cindex": 0.7781398852666219
    }
}