{
    "split": "histo_missing",
    "best_monitor_metric": 0.7713012814521789,
    "best_metrics": {
        "val_loss": 0.23524154822031657,
        "val_cindex": 0.7713012814521789
    }
}