{
    "split": "mixed_missing",
    "best_monitor_metric": 0.7357875823974609,
    "best_metrics": {
        "val_loss": 0.23415862917900085,
        "val_cindex": 0.7357875823974609
    }
}