{
    "split": "ct_missing",
    "best_monitor_metric": 0.7840574701627095,
    "best_metrics": {
        "val_loss": 0.5359340906143188,
        "val_cindex": 0.7840574701627095
    }
}