{
    "split": "ct_missing",
    "best_monitor_metric": 0.8280930519104004,
    "best_metrics": {
        "val_loss": 0.2669197261333466,
        "val_cindex": 0.8280930519104004
    }
}