{
    "split": "histo_missing",
    "best_monitor_metric": 0.8602422992388408,
    "best_metrics": {
        "val_loss": 0.23210743069648743,
        "val_cindex": 0.8602422992388408
    }
}