{
    "split": "histo_missing",
    "best_monitor_metric": 0.7818387468655904,
    "best_metrics": {
        "val_loss": 0.06863299856583277,
        "val_cindex": 0.7818387468655904
    }
}
