{
    "split": "ct_missing",
    "best_monitor_metric": 0.7758549292882283,
    "best_metrics": {
        "val_loss": 0.09145852824052175,
        "val_cindex": 0.7758549292882283
    }
}
