{
    "split": "histo_missing",
    "best_monitor_metric": 0.7076448480288188,
    "best_metrics": {
        "val_loss": 0.26214516659577686,
        "val_cindex": 0.7076448480288188
    }
}