{
    "split": "ct_missing",
    "best_monitor_metric": 0.7065111597379049,
    "best_metrics": {
        "val_loss": 0.2410930593808492,
        "val_cindex": 0.7065111597379049
    }
}