{
    "split": "mixed_missing",
    "best_monitor_metric": 0.7002407789230347,
    "best_metrics": {
        "val_loss": 0.2298976421356201,
        "val_cindex": 0.7002407789230347
    }
}