{
    "split": "histo_missing",
    "best_monitor_metric": 0.7217206358909607,
    "best_metrics": {
        "val_loss": 0.26175776968399683,
        "val_cindex": 0.7217206358909607
    }
}
