{
    "fold_results": [
        {
            "fold": 0,
            "num_train_samples": 61,
            "num_test_samples": 22,
            "best_metrics": {
                "val_cindex": 0.76171875,
                "val_loss": 0.2802954986691475
            }
        },
        {
            "fold": 1,
            "num_train_samples": 65,
            "num_test_samples": 18,
            "best_metrics": {
                "val_cindex": 0.7649253606796265,
                "val_loss": 0.14984719455242157
            }
        },
        {
            "fold": 2,
            "num_train_samples": 59,
            "num_test_samples": 24,
            "best_metrics": {
                "val_cindex": 0.7904040217399597,
                "val_loss": 0.16023318469524384
            }
        },
        {
            "fold": 3,
            "num_train_samples": 64,
            "num_test_samples": 19,
            "best_metrics": {
                "val_cindex": 0.7108843326568604,
                "val_loss": 0.2587560713291168
            }
        }
    ],
    "mean_metrics": {
        "val_cindex": 0.7569831162691116,
        "val_loss": 0.21228298731148243
    },
    "std_metrics": {
        "val_cindex": 0.02884250442545694,
        "val_loss": 0.057863761131489756
    }
}