{
    "split": "ct_missing",
    "best_monitor_metric": 0.9378620505332946,
    "best_metrics": {
        "val_loss": 0.21929058200815538,
        "val_cindex": 0.9378620505332946
    }
}