{
    "split": "mixed_missing",
    "best_monitor_metric": 0.5190167943636577,
    "best_metrics": {
        "val_loss": 0.3567940500047472,
        "val_cindex": 0.5190167943636577
    }
}