{
    "split": "histo_missing",
    "best_monitor_metric": 0.5812139511108398,
    "best_metrics": {
        "val_loss": 0.35662525693575536,
        "val_cindex": 0.5812139511108398
    }
}