{
    "split": "ct_missing",
    "best_monitor_metric": 0.8229019165039062,
    "best_metrics": {
        "val_loss": 0.2910540690024694,
        "val_cindex": 0.8229019165039062
    }
}