{
    "split": "ct_missing",
    "best_monitor_metric": 0.6471205433209737,
    "best_metrics": {
        "val_loss": 0.1498468478520711,
        "val_cindex": 0.6471205433209737
    }
}