{
    "split": "mixed_missing",
    "best_monitor_metric": 0.6041174451510112,
    "best_metrics": {
        "val_loss": 0.14923524757226309,
        "val_cindex": 0.6041174451510112
    }
}