{
    "split": "mixed_missing",
    "best_monitor_metric": 0.5658793767293294,
    "best_metrics": {
        "val_loss": 0.1690001537402471,
        "val_cindex": 0.5658793767293294
    }
}