{
    "split": "histo_missing",
    "best_monitor_metric": 0.5346742471059164,
    "best_metrics": {
        "val_loss": 0.16877624889214835,
        "val_cindex": 0.5346742471059164
    }
}