{
    "split": "ct_missing",
    "best_monitor_metric": 0.5860946317513783,
    "best_metrics": {
        "val_loss": 0.1690471351146698,
        "val_cindex": 0.5860946317513783
    }
}