{
    "split": "ct_missing",
    "best_monitor_metric": 0.6688541134198507,
    "best_metrics": {
        "val_loss": 0.9518887793024381,
        "val_cindex": 0.6688541134198507
    }
}