{
    "split": "histo_missing",
    "best_monitor_metric": 0.7580893715222676,
    "best_metrics": {
        "val_loss": 0.2206974157442649,
        "val_cindex": 0.7580893715222676
    }
}