{
    "split": "histo_missing",
    "best_monitor_metric": 0.6397003531455994,
    "best_metrics": {
        "val_loss": 0.2448362032572428,
        "val_cindex": 0.6397003531455994
    }
}