{
    "split": "ct_missing",
    "best_monitor_metric": 0.6909534970919291,
    "best_metrics": {
        "val_loss": 0.19092929363250732,
        "val_cindex": 0.6909534970919291
    }
}