{
    "split": "mixed_missing",
    "best_monitor_metric": 0.6376727382342021,
    "best_metrics": {
        "val_loss": 0.25922285169363024,
        "val_cindex": 0.6376727382342021
    }
}