{
    "split": "ct_missing",
    "best_monitor_metric": 0.5852485458056133,
    "best_metrics": {
        "val_loss": 0.16901348928610485,
        "val_cindex": 0.5852485458056133
    }
}