{
    "split": "mixed_missing",
    "best_monitor_metric": 0.5112115383148194,
    "best_metrics": {
        "val_loss": 0.16902465124924979,
        "val_cindex": 0.5112115383148194
    }
}