{
    "split": "mixed_missing",
    "best_monitor_metric": 0.6806032617886861,
    "best_metrics": {
        "val_loss": 0.1513592263062795,
        "val_cindex": 0.6806032617886861
    }
}
