{
    "split": "histo_missing",
    "best_monitor_metric": 0.802047065893809,
    "best_metrics": {
        "val_loss": 0.14985478023687998,
        "val_cindex": 0.802047065893809
    }
}