{
    "split": "histo_missing",
    "best_monitor_metric": 0.6804812113444011,
    "best_metrics": {
        "val_loss": 0.184436763326327,
        "val_cindex": 0.6804812113444011
    }
}