{
    "split": "mixed_missing",
    "best_monitor_metric": 0.688378115495046,
    "best_metrics": {
        "val_loss": 0.45547171831130984,
        "val_cindex": 0.688378115495046
    }
}