{
    "split": "ct_missing",
    "best_monitor_metric": 0.6988155166308085,
    "best_metrics": {
        "val_loss": 0.9848444819450378,
        "val_cindex": 0.6988155166308085
    }
}