{
    "split": "histo_missing",
    "best_monitor_metric": 0.7434005578358968,
    "best_metrics": {
        "val_loss": 0.15011043945948283,
        "val_cindex": 0.7434005578358968
    }
}
