{
    "split": "histo_missing",
    "best_monitor_metric": 0.5507547835508982,
    "best_metrics": {
        "val_loss": 0.35340004331535757,
        "val_cindex": 0.5507547835508982
    }
}