{
    "split": "ct_missing",
    "best_monitor_metric": 0.5740751306215922,
    "best_metrics": {
        "val_loss": 0.35610859261618716,
        "val_cindex": 0.5740751306215922
    }
}