{
    "split": "ct_missing",
    "best_monitor_metric": 0.5475854893525441,
    "best_metrics": {
        "val_loss": 0.04371129373709361,
        "val_cindex": 0.5475854893525441
    }
}