{
    "split": "mixed_missing",
    "best_monitor_metric": 0.6266573230425517,
    "best_metrics": {
        "val_loss": 0.15292923053105673,
        "val_cindex": 0.6266573230425517
    }
}