{
    "split": "histo_missing",
    "best_monitor_metric": 0.655357829729716,
    "best_metrics": {
        "val_loss": 0.14982930620511373,
        "val_cindex": 0.655357829729716
    }
}