{
    "split": "mixed_missing",
    "best_monitor_metric": 0.586820246775945,
    "best_metrics": {
        "val_loss": 0.14899433155854544,
        "val_cindex": 0.586820246775945
    }
}