{
    "split": "histo_missing",
    "best_monitor_metric": 0.7846981604894002,
    "best_metrics": {
        "val_loss": 0.16300229250142972,
        "val_cindex": 0.7846981604894002
    }
}