{
    "split": "mixed_missing",
    "best_monitor_metric": 0.745642348130544,
    "best_metrics": {
        "val_loss": 0.35758286400038436,
        "val_cindex": 0.745642348130544
    }
}