{
    "split": "ct_missing",
    "best_monitor_metric": 0.7072157184282939,
    "best_metrics": {
        "val_loss": 0.19883319772779942,
        "val_cindex": 0.7072157184282939
    }
}