{
    "split": "ct_missing",
    "best_monitor_metric": 0.6654502630233765,
    "best_metrics": {
        "val_loss": 0.2804688806335131,
        "val_cindex": 0.6654502630233765
    }
}