{
    "split": "histo_missing",
    "best_monitor_metric": 0.699999988079071,
    "best_metrics": {
        "val_loss": 0.13732653856277466,
        "val_cindex": 0.699999988079071
    }
}