{
    "split": "mixed_missing",
    "best_monitor_metric": 0.7562050104141236,
    "best_metrics": {
        "val_loss": 0.1373174746831258,
        "val_cindex": 0.7562050104141236
    }
}