,Full Modality Val,Mixed M Val 5%,Mixed M Val 15%,Mixed M Val 30%
PaRaChute (ours),0.836709 ± 0.080510,0.827361 ± 0.084263,0.758894 ± 0.049295,0.748844 ± 0.083925
Concat ,0.816074 ± 0.058840,0.795016 ± 0.075434,0.753212 ± 0.075062,0.725668 ± 0.058156
KronProd,0.768928 ± 0.085019,0.808623 ± 0.039560,0.774026 ± 0.074570,0.727887 ± 0.078960