,Full Modality Val,Mixed M Val 5%,Mixed M Val 15%,Mixed M Val 30%
PaRaChute(ours),0.836709 ± 0.080510,0.827361 ± 0.084263,0.758894 ± 0.049295,0.748844 ± 0.083925
ResNet,0.810899 ± 0.062219,0.788038 ± 0.050098,0.754888 ± 0.036012,0.739510 ± 0.047308
VGG ,0.779504 ± 0.072007,0.773604 ± 0.056192,0.780844 ± 0.087947,0.762582 ± 0.114583