,Full Modality Val,Mixed M Val 5%,Mixed M Val 15%,Mixed M Val 30%
4 HEADs (Ours),0.836709 ± 0.080510,0.827361 ± 0.084263,0.758894 ± 0.049295,0.748844 ± 0.083925
2 HEADs ,0.800762 ± 0.076908,0.752464 ± 0.042060,0.761415 ± 0.075942,0.719687 ± 0.059315
8 HEADs ,0.806415 ± 0.058646,0.814320 ± 0.043421,0.747508 ± 0.088116,0.718355 ± 0.033022