,Full Modality Val,Mixed M Val 5%,Mixed M Val 15%,Mixed M Val 30%
TITAN (ours),0.799805 ± 0.078982,0.754833 ± 0.045779,0.774437 ± 0.078090,0.748257 ± 0.051464
CHIEF,0.861290 ± 0.074437,0.778120 ± 0.012343,0.752890 ± 0.050220,0.725697 ± 0.069668
Prism,0.800745 ± 0.051699,0.768761 ± 0.011360,0.768616 ± 0.031774,0.732012 ± 0.010211
Conch1.5v,0.727389 ± 0.032383,0.644317 ± 0.034506,0.630037 ± 0.026613,0.643257 ± 0.046335
Resnet50,0.763947 ± 0.033569,0.666827 ± 0.017636,0.669462 ± 0.017001,0.637348 ± 0.039931