{
    "split": "mixed_missing",
    "best_monitor_metric": 0.6595810492833455,
    "best_metrics": {
        "val_loss": 0.16052923997243246,
        "val_cindex": 0.6595810492833455
    }
}