{
    "split": "ct_missing",
    "best_monitor_metric": 0.5529444773991903,
    "best_metrics": {
        "val_loss": 1.5556772417492337,
        "val_cindex": 0.5529444773991903
    }
}