{
    "split": "mixed_missing",
    "best_monitor_metric": 0.6758778393268585,
    "best_metrics": {
        "val_loss": 1.5082687854766847,
        "val_cindex": 0.6758778393268585
    }
}