{
    "split": "histo_missing",
    "best_monitor_metric": 0.7018727441628774,
    "best_metrics": {
        "val_loss": 1.5080870495902168,
        "val_cindex": 0.7018727441628774
    }
}