{
    "split": "mixed_missing",
    "best_monitor_metric": 0.6800229847431183,
    "best_metrics": {
        "val_loss": 0.2347154607375463,
        "val_cindex": 0.6800229847431183
    }
}