{
    "split": "ct_missing",
    "best_monitor_metric": 0.7093974113464355,
    "best_metrics": {
        "val_loss": 0.23524094820022584,
        "val_cindex": 0.7093974113464355
    }
}