{
    "split": "histo_missing",
    "best_monitor_metric": 0.6176525036493937,
    "best_metrics": {
        "val_loss": 0.414238969484965,
        "val_cindex": 0.6176525036493937
    }
}