{
    "split": "mixed_missing",
    "best_monitor_metric": 0.5650307575861613,
    "best_metrics": {
        "val_loss": 0.4567091554403305,
        "val_cindex": 0.5650307575861613
    }
}