{
    "split": "mixed_missing",
    "best_monitor_metric": 0.6190659761428833,
    "best_metrics": {
        "val_loss": 0.14945770303408304,
        "val_cindex": 0.6190659761428833
    }
}