{
    "split": "histo_missing",
    "best_monitor_metric": 0.6109524488449096,
    "best_metrics": {
        "val_loss": 0.13800444503625234,
        "val_cindex": 0.6109524488449096
    }
}