{
    "fold_results": [
        {
            "fold": 0,
            "num_train_samples": 61,
            "num_test_samples": 22,
            "best_metrics": {
                "val_cindex": 0.7131979465484619,
                "val_loss": 0.27945487946271896
            }
        },
        {
            "fold": 1,
            "num_train_samples": 65,
            "num_test_samples": 18,
            "best_metrics": {
                "val_cindex": 0.8045976758003235,
                "val_loss": 0.14984315633773804
            }
        },
        {
            "fold": 2,
            "num_train_samples": 59,
            "num_test_samples": 24,
            "best_metrics": {
                "val_cindex": 0.807692289352417,
                "val_loss": 0.16022825241088867
            }
        },
        {
            "fold": 3,
            "num_train_samples": 64,
            "num_test_samples": 19,
            "best_metrics": {
                "val_cindex": 0.7413793206214905,
                "val_loss": 0.25918886810541153
            }
        }
    ],
    "mean_metrics": {
        "val_cindex": 0.7667168080806732,
        "val_loss": 0.2121787890791893
    },
    "std_metrics": {
        "val_cindex": 0.04068232729052296,
        "val_loss": 0.05770747186618482
    }
}