{
    "split": "histo_missing",
    "best_monitor_metric": 0.7243714809417725,
    "best_metrics": {
        "val_loss": 0.1603093445301056,
        "val_cindex": 0.7243714809417725
    }
}