{
    "split": "ct_missing",
    "best_monitor_metric": 0.7014814853668213,
    "best_metrics": {
        "val_loss": 0.043321698904037476,
        "val_cindex": 0.7014814853668213
    }
}