{
    "split": "mixed_missing",
    "best_monitor_metric": 0.6203902363777161,
    "best_metrics": {
        "val_loss": 0.29024320940176646,
        "val_cindex": 0.6203902363777161
    }
}