{
    "split": "ct_missing",
    "best_monitor_metric": 0.774956484635671,
    "best_metrics": {
        "val_loss": 0.1001535897453626,
        "val_cindex": 0.774956484635671
    }
}