{
    "split": "mixed_missing",
    "best_monitor_metric": 0.7669410626093547,
    "best_metrics": {
        "val_loss": 0.13906502226988474,
        "val_cindex": 0.7669410626093547
    }
}