{
    "split": "histo_missing",
    "best_monitor_metric": 0.9050738175710042,
    "best_metrics": {
        "val_loss": 0.2569468488295873,
        "val_cindex": 0.9050738175710042
    }
}