{
    "split": "mixed_missing",
    "best_monitor_metric": 0.6929506580034892,
    "best_metrics": {
        "val_loss": 0.23424930373827615,
        "val_cindex": 0.6929506580034892
    }
}