{
    "split": "ct_missing",
    "best_monitor_metric": 0.6976036151250203,
    "best_metrics": {
        "val_loss": 0.22246813277403513,
        "val_cindex": 0.6976036151250203
    }
}