{
    "split": "histo_missing",
    "best_monitor_metric": 0.7455033183097839,
    "best_metrics": {
        "val_loss": 0.23088873128096263,
        "val_cindex": 0.7455033183097839
    }
}