{
    "split": "histo_missing",
    "best_monitor_metric": 0.8898210406303406,
    "best_metrics": {
        "val_loss": 0.15332781481556595,
        "val_cindex": 0.8898210406303406
    }
}