{
    "split": "mixed_missing",
    "best_monitor_metric": 0.87091650168101,
    "best_metrics": {
        "val_loss": 0.082865427434596,
        "val_cindex": 0.87091650168101
    }
}