{
    "split": "ct_missing",
    "best_monitor_metric": 0.7030945976575216,
    "best_metrics": {
        "val_loss": 0.2352434863646825,
        "val_cindex": 0.7030945976575216
    }
}