{
    "split": "histo_missing",
    "best_monitor_metric": 0.6679507414499919,
    "best_metrics": {
        "val_loss": 0.23524433970451356,
        "val_cindex": 0.6679507414499919
    }
}