{
    "split": "ct_missing",
    "best_monitor_metric": 0.6659988562266032,
    "best_metrics": {
        "val_loss": 0.15934572418530782,
        "val_cindex": 0.6659988562266032
    }
}