{
    "split": "histo_missing",
    "best_monitor_metric": 0.6715270757675171,
    "best_metrics": {
        "val_loss": 1.3517710447311404,
        "val_cindex": 0.6715270757675171
    }
}