{
    "split": "ct_missing",
    "best_monitor_metric": 0.6794093171755473,
    "best_metrics": {
        "val_loss": 1.5085585541195337,
        "val_cindex": 0.6794093171755473
    }
}