{
    "split": "ct_missing",
    "best_monitor_metric": 0.5521050135294596,
    "best_metrics": {
        "val_loss": 0.04332179228464762,
        "val_cindex": 0.5521050135294596
    }
}