{
    "split": "histo_missing",
    "best_monitor_metric": 0.5567802508672078,
    "best_metrics": {
        "val_loss": 0.04332456638415654,
        "val_cindex": 0.5567802508672078
    }
}