{
    "split": "mixed_missing",
    "best_monitor_metric": 0.5375308950742086,
    "best_metrics": {
        "val_loss": 0.043321763972441356,
        "val_cindex": 0.5375308950742086
    }
}