{
    "split": "ct_missing",
    "best_monitor_metric": 0.5246025999387105,
    "best_metrics": {
        "val_loss": 0.043386133015155794,
        "val_cindex": 0.5246025999387105
    }
}