{
    "split": "ct_missing",
    "best_monitor_metric": 0.6584229469299316,
    "best_metrics": {
        "val_loss": 0.14986844062805177,
        "val_cindex": 0.6584229469299316
    }
}