{
    "split": "mixed_missing",
    "best_monitor_metric": 0.607351275285085,
    "best_metrics": {
        "val_loss": 0.0,
        "val_cindex": 0.607351275285085
    }
}