{
    "split": "histo_missing",
    "best_monitor_metric": 0.5117760419845581,
    "best_metrics": {
        "val_loss": 0.04332457184791565,
        "val_cindex": 0.5117760419845581
    }
}