{
    "split": "ct_missing",
    "best_monitor_metric": 0.8216599504152934,
    "best_metrics": {
        "val_loss": 0.2266667758425077,
        "val_cindex": 0.8216599504152934
    }
}