{
    "split": "histo_missing",
    "best_monitor_metric": 0.8559519648551941,
    "best_metrics": {
        "val_loss": 0.21399326970179874,
        "val_cindex": 0.8559519648551941
    }
}