{
    "split": "mixed_missing",
    "best_monitor_metric": 0.7954181830088297,
    "best_metrics": {
        "val_loss": 0.22382063791155815,
        "val_cindex": 0.7954181830088297
    }
}