{
    "split": "histo_missing",
    "best_monitor_metric": 0.7024714509646098,
    "best_metrics": {
        "val_loss": 0.15519811902195216,
        "val_cindex": 0.7024714509646098
    }
}