{
    "split": "histo_missing",
    "best_monitor_metric": 0.5395769953727723,
    "best_metrics": {
        "val_loss": 0.048692001650730767,
        "val_cindex": 0.5395769953727723
    }
}