{
    "split": "mixed_missing",
    "best_monitor_metric": 0.5160846014817556,
    "best_metrics": {
        "val_loss": 0.04332171653707822,
        "val_cindex": 0.5160846014817556
    }
}