{
    "fold_results": [
        {
            "fold": 0,
            "num_train_samples": 74,
            "best_monitor_values": {
                "ct_missing": 0.6231887916723887,
                "histo_missing": 0.5800371487935384,
                "mixed_missing": 0.5668907344341279
            },
            "best_metrics_per_split": {
                "ct_missing": {
                    "val_loss": 0.1681548128525416,
                    "val_cindex": 0.6231887916723887
                },
                "histo_missing": {
                    "val_loss": 0.17159915566444398,
                    "val_cindex": 0.5800371487935384
                },
                "mixed_missing": {
                    "val_loss": 0.16816088457902273,
                    "val_cindex": 0.5668907344341279
                }
            }
        },
        {
            "fold": 1,
            "num_train_samples": 69,
            "best_monitor_values": {
                "ct_missing": 0.7065111597379049,
                "histo_missing": 0.7902825673421224,
                "mixed_missing": 0.7002407789230347
            },
            "best_metrics_per_split": {
                "ct_missing": {
                    "val_loss": 0.2410930593808492,
                    "val_cindex": 0.7065111597379049
                },
                "histo_missing": {
                    "val_loss": 0.23513138095537822,
                    "val_cindex": 0.7902825673421224
                },
                "mixed_missing": {
                    "val_loss": 0.2298976421356201,
                    "val_cindex": 0.7002407789230347
                }
            }
        },
        {
            "fold": 2,
            "num_train_samples": 63,
            "best_monitor_values": {
                "ct_missing": 0.64219731092453,
                "histo_missing": 0.7660133759180705,
                "mixed_missing": 0.6872608025868734
            },
            "best_metrics_per_split": {
                "ct_missing": {
                    "val_loss": 0.451565686861674,
                    "val_cindex": 0.64219731092453
                },
                "histo_missing": {
                    "val_loss": 0.36897963682810464,
                    "val_cindex": 0.7660133759180705
                },
                "mixed_missing": {
                    "val_loss": 0.41464165250460305,
                    "val_cindex": 0.6872608025868734
                }
            }
        },
        {
            "fold": 3,
            "num_train_samples": 66,
            "best_monitor_values": {
                "ct_missing": 0.5406691412130992,
                "histo_missing": 0.6316200017929077,
                "mixed_missing": 0.5994795163472494
            },
            "best_metrics_per_split": {
                "ct_missing": {
                    "val_loss": 0.043346988906462984,
                    "val_cindex": 0.5406691412130992
                },
                "histo_missing": {
                    "val_loss": 0.044412120680014294,
                    "val_cindex": 0.6316200017929077
                },
                "mixed_missing": {
                    "val_loss": 0.04332212681571643,
                    "val_cindex": 0.5994795163472494
                }
            }
        }
    ]
}