{
    "split": "mixed_missing",
    "best_monitor_metric": 0.6828173319498698,
    "best_metrics": {
        "val_loss": 0.28042013893524803,
        "val_cindex": 0.6828173319498698
    }
}