{
    "split": "ct_missing",
    "best_monitor_metric": 0.6119550069173177,
    "best_metrics": {
        "val_loss": 0.36418542787432673,
        "val_cindex": 0.6119550069173177
    }
}
