{
    "split": "mixed_missing",
    "best_monitor_metric": 0.661252760887146,
    "best_metrics": {
        "val_loss": 0.28040497650702795,
        "val_cindex": 0.661252760887146
    }
}