{
    "split": "histo_missing",
    "best_monitor_metric": 0.6764007846514384,
    "best_metrics": {
        "val_loss": 0.2351617674032847,
        "val_cindex": 0.6764007846514384
    }
}