{
    "split": "ct_missing",
    "best_monitor_metric": 0.6861754020055135,
    "best_metrics": {
        "val_loss": 0.22553890943527222,
        "val_cindex": 0.6861754020055135
    }
}