{
    "split": "histo_missing",
    "best_monitor_metric": 0.630635670820872,
    "best_metrics": {
        "val_loss": 0.2804699217279752,
        "val_cindex": 0.630635670820872
    }
}