{
    "split": "ct_missing",
    "best_monitor_metric": 0.6293647845586141,
    "best_metrics": {
        "val_loss": 0.2804647609591484,
        "val_cindex": 0.6293647845586141
    }
}