{
    "split": "mixed_missing",
    "best_monitor_metric": 0.6223458687464396,
    "best_metrics": {
        "val_loss": 0.2806476205587387,
        "val_cindex": 0.6223458687464396
    }
}