{
    "split": "ct_missing",
    "best_monitor_metric": 0.6164164940516154,
    "best_metrics": {
        "val_loss": 0.1451251874367396,
        "val_cindex": 0.6164164940516154
    }
}