{
    "split": "histo_missing",
    "best_monitor_metric": 0.651443620522817,
    "best_metrics": {
        "val_loss": 0.14987022082010906,
        "val_cindex": 0.651443620522817
    }
}