{
    "split": "mixed_missing",
    "best_monitor_metric": 0.6054234961668651,
    "best_metrics": {
        "val_loss": 0.15023527244726817,
        "val_cindex": 0.6054234961668651
    }
}