{
    "split": "histo_missing",
    "best_monitor_metric": 0.8016722599665324,
    "best_metrics": {
        "val_loss": 0.2803612738847733,
        "val_cindex": 0.8016722599665324
    }
}
