{
    "split": "mixed_missing",
    "best_monitor_metric": 0.7577534437179565,
    "best_metrics": {
        "val_loss": 0.32081551750501,
        "val_cindex": 0.7577534437179565
    }
}