{
    "split": "histo_missing",
    "best_monitor_metric": 0.7548548102378845,
    "best_metrics": {
        "val_loss": 0.34144797797004384,
        "val_cindex": 0.7548548102378845
    }
}