{
    "split": "mixed_missing",
    "best_monitor_metric": 0.6890905340512593,
    "best_metrics": {
        "val_loss": 0.3397045130530993,
        "val_cindex": 0.6890905340512593
    }
}