{
    "split": "mixed_missing",
    "best_monitor_metric": 0.6199833830197652,
    "best_metrics": {
        "val_loss": 1.4823606967926026,
        "val_cindex": 0.6199833830197652
    }
}