{
    "split": "ct_missing",
    "best_monitor_metric": 0.6866121649742126,
    "best_metrics": {
        "val_loss": 1.5039024670918786,
        "val_cindex": 0.6866121649742126
    }
}