{
    "split": "histo_missing",
    "best_monitor_metric": 0.5690220137437184,
    "best_metrics": {
        "val_loss": 0.043321721255779266,
        "val_cindex": 0.5690220137437184
    }
}