{
    "split": "ct_missing",
    "best_monitor_metric": 0.550306761264801,
    "best_metrics": {
        "val_loss": 0.043321698904037476,
        "val_cindex": 0.550306761264801
    }
}