{
    "split": "mixed_missing",
    "best_monitor_metric": 0.5343825658162434,
    "best_metrics": {
        "val_loss": 0.04332170138756434,
        "val_cindex": 0.5343825658162434
    }
}