{
    "fold_results": [
        {
            "fold": 0,
            "num_train_samples": 74,
            "best_monitor_values": {
                "ct_missing": 0.5852485458056133,
                "histo_missing": 0.5611127535502116,
                "mixed_missing": 0.5112115383148194
            },
            "best_metrics_per_split": {
                "ct_missing": {
                    "val_loss": 0.16901348928610485,
                    "val_cindex": 0.5852485458056133
                },
                "histo_missing": {
                    "val_loss": 0.179656391342481,
                    "val_cindex": 0.5611127535502116
                },
                "mixed_missing": {
                    "val_loss": 0.16902465124924979,
                    "val_cindex": 0.5112115383148194
                }
            }
        },
        {
            "fold": 1,
            "num_train_samples": 69,
            "best_monitor_values": {
                "ct_missing": 0.6890327493349712,
                "histo_missing": 0.7245095888773601,
                "mixed_missing": 0.8493333498636881
            },
            "best_metrics_per_split": {
                "ct_missing": {
                    "val_loss": 0.23524903655052185,
                    "val_cindex": 0.6890327493349712
                },
                "histo_missing": {
                    "val_loss": 0.235244149963061,
                    "val_cindex": 0.7245095888773601
                },
                "mixed_missing": {
                    "val_loss": 0.23524357378482819,
                    "val_cindex": 0.8493333498636881
                }
            }
        },
        {
            "fold": 2,
            "num_train_samples": 63,
            "best_monitor_values": {
                "ct_missing": 0.5026839594046275,
                "histo_missing": 0.5201939642429352,
                "mixed_missing": 0.49392423232396443
            },
            "best_metrics_per_split": {
                "ct_missing": {
                    "val_loss": 0.45266828636328377,
                    "val_cindex": 0.5026839594046275
                },
                "histo_missing": {
                    "val_loss": 0.4112205574909846,
                    "val_cindex": 0.5201939642429352
                },
                "mixed_missing": {
                    "val_loss": 0.4141958087682724,
                    "val_cindex": 0.49392423232396443
                }
            }
        },
        {
            "fold": 3,
            "num_train_samples": 66,
            "best_monitor_values": {
                "ct_missing": 0.5397981882095337,
                "histo_missing": 0.5570639153321584,
                "mixed_missing": 0.5351827243963877
            },
            "best_metrics_per_split": {
                "ct_missing": {
                    "val_loss": 0.043321759502093,
                    "val_cindex": 0.5397981882095337
                },
                "histo_missing": {
                    "val_loss": 0.044496985028187434,
                    "val_cindex": 0.5570639153321584
                },
                "mixed_missing": {
                    "val_loss": 0.04355374996860822,
                    "val_cindex": 0.5351827243963877
                }
            }
        },
        {
            "fold": 4,
            "num_train_samples": 76,
            "best_monitor_values": {
                "ct_missing": 0.6036251386006674,
                "histo_missing": 0.5957825899124145,
                "mixed_missing": 0.6170750717322032
            },
            "best_metrics_per_split": {
                "ct_missing": {
                    "val_loss": 0.0,
                    "val_cindex": 0.6036251386006674
                },
                "histo_missing": {
                    "val_loss": 0.0,
                    "val_cindex": 0.5957825899124145
                },
                "mixed_missing": {
                    "val_loss": 0.0,
                    "val_cindex": 0.6170750717322032
                }
            }
        }
    ]
}