{
    "split": "histo_missing",
    "best_monitor_metric": 0.6193585793177286,
    "best_metrics": {
        "val_loss": 0.1690168301264445,
        "val_cindex": 0.6193585793177286
    }
}