{
    "split": "mixed_missing",
    "best_monitor_metric": 0.5400868395964304,
    "best_metrics": {
        "val_loss": 0.16904167433579761,
        "val_cindex": 0.5400868395964304
    }
}