{
    "split": "ct_missing",
    "best_monitor_metric": 0.5142289717992147,
    "best_metrics": {
        "val_loss": 0.16901740531126658,
        "val_cindex": 0.5142289717992147
    }
}