{
    "split": "mixed_missing",
    "best_monitor_metric": 0.7599085688591003,
    "best_metrics": {
        "val_loss": 0.36169123152891797,
        "val_cindex": 0.7599085688591003
    }
}