{
    "split": "mixed_missing",
    "best_monitor_metric": 0.6529274543126424,
    "best_metrics": {
        "val_loss": 0.6264740347862243,
        "val_cindex": 0.6529274543126424
    }
}
