{
    "split": "histo_missing",
    "best_monitor_metric": 0.7099828958511353,
    "best_metrics": {
        "val_loss": 0.191989204287529,
        "val_cindex": 0.7099828958511353
    }
}
