{
    "split": "mixed_missing",
    "best_monitor_metric": 0.7402017911275228,
    "best_metrics": {
        "val_loss": 0.26656231234471,
        "val_cindex": 0.7402017911275228
    }
}