{
    "split": "mixed_missing",
    "best_monitor_metric": 0.6830153942108155,
    "best_metrics": {
        "val_loss": 0.2284461165467898,
        "val_cindex": 0.6830153942108155
    }
}