{
    "split": "histo_missing",
    "best_monitor_metric": 0.6917221943537394,
    "best_metrics": {
        "val_loss": 0.2107755442460378,
        "val_cindex": 0.6917221943537394
    }
}