{
    "split": "ct_missing",
    "best_monitor_metric": 0.6891830762227377,
    "best_metrics": {
        "val_loss": 0.18921969616785644,
        "val_cindex": 0.6891830762227377
    }
}