{
    "split": "mixed_missing",
    "best_monitor_metric": 0.760967226823171,
    "best_metrics": {
        "val_loss": 0.43718671600023906,
        "val_cindex": 0.760967226823171
    }
}