{
    "split": "histo_missing",
    "best_monitor_metric": 0.7743869185447693,
    "best_metrics": {
        "val_loss": 0.21387091167271138,
        "val_cindex": 0.7743869185447693
    }
}