{
    "split": "ct_missing",
    "best_monitor_metric": 0.6025688290596009,
    "best_metrics": {
        "val_loss": 0.1371097336212794,
        "val_cindex": 0.6025688290596009
    }
}