{
    "split": "ct_missing",
    "best_monitor_metric": 0.5596453805764516,
    "best_metrics": {
        "val_loss": 0.043321763475735985,
        "val_cindex": 0.5596453805764516
    }
}