{
    "split": "ct_missing",
    "best_monitor_metric": 0.6510062992572785,
    "best_metrics": {
        "val_loss": 0.4906732658545176,
        "val_cindex": 0.6510062992572785
    }
}