{
    "split": "histo_missing",
    "best_monitor_metric": 0.7541150410970052,
    "best_metrics": {
        "val_loss": 0.5267394204934438,
        "val_cindex": 0.7541150410970052
    }
}