{
    "split": "mixed_missing",
    "best_monitor_metric": 0.7239875396092733,
    "best_metrics": {
        "val_loss": 0.16196623146533967,
        "val_cindex": 0.7239875396092733
    }
}