{"Val Loss":6.081683547502117,"_step":1,"Val Accuracy":0.4423076923076923,"_wandb":{"runtime":1029},"_runtime":780.491562296,"Epoch":2,"Train Accuracy":0.857429718875502,"_timestamp":1.7392950100733104e+09,"Train Loss":0.4001557754855307}
