{
    "split": "ct_missing",
    "best_monitor_metric": 0.542703139781952,
    "best_metrics": {
        "val_loss": 0.1273690973718961,
        "val_cindex": 0.542703139781952
    }
}