{
    "split": "ct_missing",
    "best_monitor_metric": 0.7991211891174317,
    "best_metrics": {
        "val_loss": 0.1674927199880282,
        "val_cindex": 0.7991211891174317
    }
}