{
    "split": "ct_missing",
    "best_monitor_metric": 0.6171917637189229,
    "best_metrics": {
        "val_loss": 0.4142504433790843,
        "val_cindex": 0.6171917637189229
    }
}