{
    "split": "histo_missing",
    "best_monitor_metric": 0.5325037837028503,
    "best_metrics": {
        "val_loss": 0.41431130667527516,
        "val_cindex": 0.5325037837028503
    }
}