{
    "split": "histo_missing",
    "best_monitor_metric": 0.7785832564036052,
    "best_metrics": {
        "val_loss": 0.1602978060642878,
        "val_cindex": 0.7785832564036052
    }
}