{
    "split": "ct_missing",
    "best_monitor_metric": 0.9311784545580546,
    "best_metrics": {
        "val_loss": 0.16018147369225819,
        "val_cindex": 0.9311784545580546
    }
}