{
    "split": "histo_missing",
    "best_monitor_metric": 0.8244785308837891,
    "best_metrics": {
        "val_loss": 0.0956299881140391,
        "val_cindex": 0.8244785308837891
    }
}