{
    "split": "ct_missing",
    "best_monitor_metric": 0.8148653864860534,
    "best_metrics": {
        "val_loss": 0.501318848443528,
        "val_cindex": 0.8148653864860534
    }
}