{
    "split": "histo_missing",
    "best_monitor_metric": 0.8194023847579956,
    "best_metrics": {
        "val_loss": 0.8894748548666637,
        "val_cindex": 0.8194023847579956
    }
}