{
    "split": "mixed_missing",
    "best_monitor_metric": 0.5200380921363831,
    "best_metrics": {
        "val_loss": 0.04332410544157028,
        "val_cindex": 0.5200380921363831
    }
}