{
    "split": "histo_missing",
    "best_monitor_metric": 0.6477472980817159,
    "best_metrics": {
        "val_loss": 0.2801736215750376,
        "val_cindex": 0.6477472980817159
    }
}