{
    "split": "mixed_missing",
    "best_monitor_metric": 0.6590733091036479,
    "best_metrics": {
        "val_loss": 0.2644776780158281,
        "val_cindex": 0.6590733091036479
    }
}