{
    "split": "ct_missing",
    "best_monitor_metric": 0.6746488213539124,
    "best_metrics": {
        "val_loss": 0.26674016987284027,
        "val_cindex": 0.6746488213539124
    }
}