{
    "split": "mixed_missing",
    "best_monitor_metric": 0.8142017761866251,
    "best_metrics": {
        "val_loss": 0.38094955707589784,
        "val_cindex": 0.8142017761866251
    }
}