{
    "split": "histo_missing",
    "best_monitor_metric": 0.8848653554916381,
    "best_metrics": {
        "val_loss": 0.3121050506830215,
        "val_cindex": 0.8848653554916381
    }
}
