{
    "split": "histo_missing",
    "best_monitor_metric": 0.9476702411969503,
    "best_metrics": {
        "val_loss": 0.2021681472659111,
        "val_cindex": 0.9476702411969503
    }
}