{
    "split": "mixed_missing",
    "best_monitor_metric": 0.9311946431795756,
    "best_metrics": {
        "val_loss": 0.2192335749665896,
        "val_cindex": 0.9311946431795756
    }
}