{
    "split": "ct_missing",
    "best_monitor_metric": 0.9270605643590292,
    "best_metrics": {
        "val_loss": 0.22413159012794495,
        "val_cindex": 0.9270605643590292
    }
}
