{
    "split": "histo_missing",
    "best_monitor_metric": 0.6249159296353658,
    "best_metrics": {
        "val_loss": 0.1753447045882543,
        "val_cindex": 0.6249159296353658
    }
}