{
    "split": "mixed_missing",
    "best_monitor_metric": 0.606661997238795,
    "best_metrics": {
        "val_loss": 0.5005519946416219,
        "val_cindex": 0.606661997238795
    }
}