{
    "split": "ct_missing",
    "best_monitor_metric": 0.678749394416809,
    "best_metrics": {
        "val_loss": 0.20918479561805725,
        "val_cindex": 0.678749394416809
    }
}