{
    "split": "mixed_missing",
    "best_monitor_metric": 0.7704989830652873,
    "best_metrics": {
        "val_loss": 0.17685571524004143,
        "val_cindex": 0.7704989830652873
    }
}