{
    "split": "histo_missing",
    "best_monitor_metric": 0.718822185198466,
    "best_metrics": {
        "val_loss": 0.0,
        "val_cindex": 0.718822185198466
    }
}