{
    "split": "mixed_missing",
    "best_monitor_metric": 0.69900910059611,
    "best_metrics": {
        "val_loss": 0.2350537230571111,
        "val_cindex": 0.69900910059611
    }
}