{
    "split": "ct_missing",
    "best_monitor_metric": 0.7124733527501425,
    "best_metrics": {
        "val_loss": 0.23524457712968191,
        "val_cindex": 0.7124733527501425
    }
}