{
    "split": "histo_missing",
    "best_monitor_metric": 0.6802518844604493,
    "best_metrics": {
        "val_loss": 0.23524232109387716,
        "val_cindex": 0.6802518844604493
    }
}