{
    "split": "mixed_missing",
    "best_monitor_metric": 0.7124799132347107,
    "best_metrics": {
        "val_loss": 0.27531676093737284,
        "val_cindex": 0.7124799132347107
    }
}