{
    "split": "ct_missing",
    "best_monitor_metric": 0.7365642468134562,
    "best_metrics": {
        "val_loss": 0.26855676670869194,
        "val_cindex": 0.7365642468134562
    }
}
