{
    "split": "histo_missing",
    "best_monitor_metric": 0.7775543451309204,
    "best_metrics": {
        "val_loss": 0.04341665903727213,
        "val_cindex": 0.7775543451309204
    }
}