{
    "split": "ct_missing",
    "best_monitor_metric": 0.8355810244878134,
    "best_metrics": {
        "val_loss": 0.09704253549377123,
        "val_cindex": 0.8355810244878134
    }
}