{
    "split": "ct_missing",
    "best_monitor_metric": 0.7079047083854675,
    "best_metrics": {
        "val_loss": 0.28540656665960945,
        "val_cindex": 0.7079047083854675
    }
}