{
    "split": "histo_missing",
    "best_monitor_metric": 0.7605061213175456,
    "best_metrics": {
        "val_loss": 0.14307645757993062,
        "val_cindex": 0.7605061213175456
    }
}