{
    "split": "mixed_missing",
    "best_monitor_metric": 0.6973285953203837,
    "best_metrics": {
        "val_loss": 0.35401574869950614,
        "val_cindex": 0.6973285953203837
    }
}
