{
    "split": "ct_missing",
    "best_monitor_metric": 0.6739605267842611,
    "best_metrics": {
        "val_loss": 0.25980474799871445,
        "val_cindex": 0.6739605267842611
    }
}