{
    "split": "ct_missing",
    "best_monitor_metric": 0.6446934660275777,
    "best_metrics": {
        "val_loss": 0.2805091644326846,
        "val_cindex": 0.6446934660275777
    }
}