{
    "split": "ct_missing",
    "best_monitor_metric": 0.7730936845143636,
    "best_metrics": {
        "val_loss": 0.826308656980594,
        "val_cindex": 0.7730936845143636
    }
}
