{
    "split": "histo_missing",
    "best_monitor_metric": 0.793371840318044,
    "best_metrics": {
        "val_loss": 0.5333380884594392,
        "val_cindex": 0.793371840318044
    }
}
