{
    "split": "mixed_missing",
    "best_monitor_metric": 0.7543118397394816,
    "best_metrics": {
        "val_loss": 0.6291453165312608,
        "val_cindex": 0.7543118397394816
    }
}