{
    "split": "mixed_missing",
    "best_monitor_metric": 0.5238604784011841,
    "best_metrics": {
        "val_loss": 0.4478598246971766,
        "val_cindex": 0.5238604784011841
    }
}