{
    "split": "ct_missing",
    "best_monitor_metric": 0.7766475439071655,
    "best_metrics": {
        "val_loss": 0.10234014590581259,
        "val_cindex": 0.7766475439071655
    }
}