{
    "split": "mixed_missing",
    "best_monitor_metric": 0.7710752010345459,
    "best_metrics": {
        "val_loss": 0.10068418184916178,
        "val_cindex": 0.7710752010345459
    }
}