{
    "split": "histo_missing",
    "best_monitor_metric": 0.8082097133000692,
    "best_metrics": {
        "val_loss": 0.2803848534822464,
        "val_cindex": 0.8082097133000692
    }
}