{
    "split": "ct_missing",
    "best_monitor_metric": 0.7602249224980672,
    "best_metrics": {
        "val_loss": 0.2724228526155154,
        "val_cindex": 0.7602249224980672
    }
}
