{
    "split": "mixed_missing",
    "best_monitor_metric": 0.6713735461235046,
    "best_metrics": {
        "val_loss": 0.25944703817367554,
        "val_cindex": 0.6713735461235046
    }
}