{
    "split": "ct_missing",
    "best_monitor_metric": 0.7152171572049458,
    "best_metrics": {
        "val_loss": 0.259439787765344,
        "val_cindex": 0.7152171572049458
    }
}