{
    "split": "histo_missing",
    "best_monitor_metric": 0.6443655411402385,
    "best_metrics": {
        "val_loss": 0.1523175577322642,
        "val_cindex": 0.6443655411402385
    }
}