{
    "split": "mixed_missing",
    "best_monitor_metric": 0.6382594545682271,
    "best_metrics": {
        "val_loss": 0.1498684585094452,
        "val_cindex": 0.6382594545682271
    }
}