{
    "split": "mixed_missing",
    "best_monitor_metric": 0.6302906592686971,
    "best_metrics": {
        "val_loss": 0.3837544371684392,
        "val_cindex": 0.6302906592686971
    }
}