{
    "split": "histo_missing",
    "best_monitor_metric": 0.6730859120686848,
    "best_metrics": {
        "val_loss": 0.85088683689634,
        "val_cindex": 0.6730859120686848
    }
}