{
    "split": "mixed_missing",
    "best_monitor_metric": 0.6210011641184489,
    "best_metrics": {
        "val_loss": 0.2799784441788991,
        "val_cindex": 0.6210011641184489
    }
}