{
    "split": "ct_missing",
    "best_monitor_metric": 0.661268393198649,
    "best_metrics": {
        "val_loss": 0.30297516187032064,
        "val_cindex": 0.661268393198649
    }
}