{
    "split": "histo_missing",
    "best_monitor_metric": 0.7859943826993306,
    "best_metrics": {
        "val_loss": 0.16030933757623037,
        "val_cindex": 0.7859943826993306
    }
}