{
    "split": "ct_missing",
    "best_monitor_metric": 0.5789628068606059,
    "best_metrics": {
        "val_loss": 0.3953816662232081,
        "val_cindex": 0.5789628068606059
    }
}