{
    "split": "mixed_missing",
    "best_monitor_metric": 0.5503924131393433,
    "best_metrics": {
        "val_loss": 0.8074068546295166,
        "val_cindex": 0.5503924131393433
    }
}