{
    "split": "histo_missing",
    "best_monitor_metric": 0.8173431634902955,
    "best_metrics": {
        "val_loss": 0.05894367943207423,
        "val_cindex": 0.8173431634902955
    }
}