{
    "split": "mixed_missing",
    "best_monitor_metric": 0.7568891684214274,
    "best_metrics": {
        "val_loss": 0.04915164187550545,
        "val_cindex": 0.7568891684214274
    }
}