{
    "split": "ct_missing",
    "best_monitor_metric": 0.6043056786060333,
    "best_metrics": {
        "val_loss": 0.4144036074479421,
        "val_cindex": 0.6043056786060333
    }
}