{
    "split": "histo_missing",
    "best_monitor_metric": 0.6245041131973267,
    "best_metrics": {
        "val_loss": 0.15004127671321232,
        "val_cindex": 0.6245041131973267
    }
}