{
    "split": "ct_missing",
    "best_monitor_metric": 0.9705262978871664,
    "best_metrics": {
        "val_loss": 0.0,
        "val_cindex": 0.9705262978871664
    }
}