{
    "split": "mixed_missing",
    "best_monitor_metric": 0.7111169457435608,
    "best_metrics": {
        "val_loss": 0.34629891415437064,
        "val_cindex": 0.7111169457435608
    }
}