{
    "split": "ct_missing",
    "best_monitor_metric": 0.6548854827880859,
    "best_metrics": {
        "val_loss": 0.44936134815216067,
        "val_cindex": 0.6548854827880859
    }
}