{
    "split": "histo_missing",
    "best_monitor_metric": 0.7001905679702759,
    "best_metrics": {
        "val_loss": 0.7129698912302653,
        "val_cindex": 0.7001905679702759
    }
}