{
    "split": "ct_missing",
    "best_monitor_metric": 0.6115717411041259,
    "best_metrics": {
        "val_loss": 0.2806912109255791,
        "val_cindex": 0.6115717411041259
    }
}