{
    "split": "mixed_missing",
    "best_monitor_metric": 0.6249480565388997,
    "best_metrics": {
        "val_loss": 0.28000116099913913,
        "val_cindex": 0.6249480565388997
    }
}