{
    "split": "histo_missing",
    "best_monitor_metric": 0.6318867444992066,
    "best_metrics": {
        "val_loss": 0.2815240427851677,
        "val_cindex": 0.6318867444992066
    }
}