{
    "split": "histo_missing",
    "best_monitor_metric": 0.6650228897730509,
    "best_metrics": {
        "val_loss": 0.6390728096167246,
        "val_cindex": 0.6650228897730509
    }
}