{
    "split": "ct_missing",
    "best_monitor_metric": 0.6356743693351745,
    "best_metrics": {
        "val_loss": 0.7101173877716065,
        "val_cindex": 0.6356743693351745
    }
}
