{
    "split": "histo_missing",
    "best_monitor_metric": 0.5545721054077148,
    "best_metrics": {
        "val_loss": 0.4138134558995565,
        "val_cindex": 0.5545721054077148
    }
}