{
    "split": "mixed_missing",
    "best_monitor_metric": 0.7582036415735881,
    "best_metrics": {
        "val_loss": 0.10462919076283773,
        "val_cindex": 0.7582036415735881
    }
}