{
    "split": "ct_missing",
    "best_monitor_metric": 0.7230436484018962,
    "best_metrics": {
        "val_loss": 0.9911976708306207,
        "val_cindex": 0.7230436484018962
    }
}