{
    "split": "ct_missing",
    "best_monitor_metric": 0.710531222820282,
    "best_metrics": {
        "val_loss": 0.3770357628663381,
        "val_cindex": 0.710531222820282
    }
}