{
    "split": "histo_missing",
    "best_monitor_metric": 0.7662720402081807,
    "best_metrics": {
        "val_loss": 0.11399565140406291,
        "val_cindex": 0.7662720402081807
    }
}
