{
    "split": "mixed_missing",
    "best_monitor_metric": 0.7157534956932068,
    "best_metrics": {
        "val_loss": 0.17938658595085144,
        "val_cindex": 0.7157534956932068
    }
}
