{
    "split": "ct_missing",
    "best_monitor_metric": 0.7048093477884928,
    "best_metrics": {
        "val_loss": 0.3389130343993505,
        "val_cindex": 0.7048093477884928
    }
}