{
    "split": "mixed_missing",
    "best_monitor_metric": 0.7126978635787964,
    "best_metrics": {
        "val_loss": 0.3672644406557083,
        "val_cindex": 0.7126978635787964
    }
}