{
    "split": "mixed_missing",
    "best_monitor_metric": 0.6412151058514913,
    "best_metrics": {
        "val_loss": 0.14986845751603445,
        "val_cindex": 0.6412151058514913
    }
}