{
    "split": "ct_missing",
    "best_monitor_metric": 0.6519576668739319,
    "best_metrics": {
        "val_loss": 0.14986864626407623,
        "val_cindex": 0.6519576668739319
    }
}