{
    "split": "histo_missing",
    "best_monitor_metric": 0.7333333492279053,
    "best_metrics": {
        "val_loss": 0.3563888867696126,
        "val_cindex": 0.7333333492279053
    }
}