{
    "split": "ct_missing",
    "best_monitor_metric": 0.6155288179715475,
    "best_metrics": {
        "val_loss": 0.1170675535996755,
        "val_cindex": 0.6155288179715475
    }
}