{
    "split": "ct_missing",
    "best_monitor_metric": 0.720509425799052,
    "best_metrics": {
        "val_loss": 0.40695530772209165,
        "val_cindex": 0.720509425799052
    }
}