{
    "split": "mixed_missing",
    "best_monitor_metric": 0.7827996810277303,
    "best_metrics": {
        "val_loss": 0.41452869176864626,
        "val_cindex": 0.7827996810277303
    }
}