{
    "split": "histo_missing",
    "best_monitor_metric": 0.7071799079577128,
    "best_metrics": {
        "val_loss": 0.28097190856933596,
        "val_cindex": 0.7071799079577128
    }
}