{
    "split": "ct_missing",
    "best_monitor_metric": 0.7422447522481282,
    "best_metrics": {
        "val_loss": 0.2804749290148417,
        "val_cindex": 0.7422447522481282
    }
}