{
    "split": "ct_missing",
    "best_monitor_metric": 0.5371481994787852,
    "best_metrics": {
        "val_loss": 0.04332169964909553,
        "val_cindex": 0.5371481994787852
    }
}