{
    "fold_results": [
        {
            "fold": 0,
            "num_train_samples": 61,
            "num_test_samples": 22,
            "best_metrics": {
                "val_cindex": 0.6787439584732056,
                "val_loss": 0.2792414650321007
            }
        },
        {
            "fold": 1,
            "num_train_samples": 65,
            "num_test_samples": 18,
            "best_metrics": {
                "val_cindex": 0.7649253606796265,
                "val_loss": 0.14862358570098877
            }
        },
        {
            "fold": 2,
            "num_train_samples": 59,
            "num_test_samples": 24,
            "best_metrics": {
                "val_cindex": 0.7196652889251709,
                "val_loss": 0.1602897346019745
            }
        },
        {
            "fold": 3,
            "num_train_samples": 64,
            "num_test_samples": 19,
            "best_metrics": {
                "val_cindex": 0.7674418687820435,
                "val_loss": 0.2590041980147362
            }
        }
    ],
    "mean_metrics": {
        "val_cindex": 0.7326941192150116,
        "val_loss": 0.21178974583745003
    },
    "std_metrics": {
        "val_cindex": 0.03649188022393355,
        "val_loss": 0.05792485187800314
    }
}