{
    "split": "ct_missing",
    "best_monitor_metric": 0.6288922170797984,
    "best_metrics": {
        "val_loss": 0.153884556889534,
        "val_cindex": 0.6288922170797984
    }
}