{"Train Loss":0.025757579132914543,"Val Loss":0.007178585510700941,"Train Accuracy":1,"Val Accuracy":1,"_timestamp":1.738942499209433e+09,"_wandb":{"runtime":1583},"_runtime":1555.671090258,"_step":22}
