{
    "split": "ct_missing",
    "best_monitor_metric": 0.6814432740211487,
    "best_metrics": {
        "val_loss": 0.28046561976273854,
        "val_cindex": 0.6814432740211487
    }
}