{
    "split": "mixed_missing",
    "best_monitor_metric": 0.7257808049519857,
    "best_metrics": {
        "val_loss": 1.1791851850857105,
        "val_cindex": 0.7257808049519857
    }
}