{
    "split": "histo_missing",
    "best_monitor_metric": 0.7380600849787394,
    "best_metrics": {
        "val_loss": 0.21058548076398437,
        "val_cindex": 0.7380600849787394
    }
}