{
    "split": "mixed_missing",
    "best_monitor_metric": 0.573737374941508,
    "best_metrics": {
        "val_loss": 0.1719030996163686,
        "val_cindex": 0.573737374941508
    }
}