{
    "split": "ct_missing",
    "best_monitor_metric": 0.7439382076263428,
    "best_metrics": {
        "val_loss": 0.16967769463857016,
        "val_cindex": 0.7439382076263428
    }
}