{
    "split": "histo_missing",
    "best_monitor_metric": 0.6028365929921468,
    "best_metrics": {
        "val_loss": 0.17007350822289785,
        "val_cindex": 0.6028365929921468
    }
}