{
    "split": "mixed_missing",
    "best_monitor_metric": 0.8200256665547688,
    "best_metrics": {
        "val_loss": 0.907589360854278,
        "val_cindex": 0.8200256665547688
    }
}