{
    "split": "ct_missing",
    "best_monitor_metric": 0.8160856246948243,
    "best_metrics": {
        "val_loss": 0.20093419253826142,
        "val_cindex": 0.8160856246948243
    }
}