{
    "split": "ct_missing",
    "best_monitor_metric": 0.731326182683309,
    "best_metrics": {
        "val_loss": 0.3563888470331828,
        "val_cindex": 0.731326182683309
    }
}