{
    "split": "mixed_missing",
    "best_monitor_metric": 0.7330368359883627,
    "best_metrics": {
        "val_loss": 0.3563888470331828,
        "val_cindex": 0.7330368359883627
    }
}