{
    "split": "mixed_missing",
    "best_monitor_metric": 0.5361096700032552,
    "best_metrics": {
        "val_loss": 0.4141184538602829,
        "val_cindex": 0.5361096700032552
    }
}