{
    "split": "ct_missing",
    "best_monitor_metric": 0.7928790887196858,
    "best_metrics": {
        "val_loss": 0.0692051331202189,
        "val_cindex": 0.7928790887196858
    }
}