{
    "split": "mixed_missing",
    "best_monitor_metric": 0.5297853986422221,
    "best_metrics": {
        "val_loss": 0.0433216966688633,
        "val_cindex": 0.5297853986422221
    }
}