{
    "split": "ct_missing",
    "best_monitor_metric": 0.5397981882095337,
    "best_metrics": {
        "val_loss": 0.043321759502093,
        "val_cindex": 0.5397981882095337
    }
}