{
    "split": "histo_missing",
    "best_monitor_metric": 0.8658272504806519,
    "best_metrics": {
        "val_loss": 0.9009591331084569,
        "val_cindex": 0.8658272504806519
    }
}