{
    "split": "ct_missing",
    "best_monitor_metric": 0.8441051999727885,
    "best_metrics": {
        "val_loss": 0.8644713332255681,
        "val_cindex": 0.8441051999727885
    }
}