{
    "split": "mixed_missing",
    "best_monitor_metric": 0.8242763837178548,
    "best_metrics": {
        "val_loss": 0.7234870260065591,
        "val_cindex": 0.8242763837178548
    }
}
