{
    "split": "histo_missing",
    "best_monitor_metric": 0.8938487768173218,
    "best_metrics": {
        "val_loss": 0.07935284442658788,
        "val_cindex": 0.8938487768173218
    }
}
