{
    "split": "ct_missing",
    "best_monitor_metric": 0.8234013438224792,
    "best_metrics": {
        "val_loss": 0.626036146946717,
        "val_cindex": 0.8234013438224792
    }
}
