{
    "split": "ct_missing",
    "best_monitor_metric": 0.7176289478937785,
    "best_metrics": {
        "val_loss": 0.2214415639638901,
        "val_cindex": 0.7176289478937785
    }
}