{
    "split": "mixed_missing",
    "best_monitor_metric": 0.7340683380762736,
    "best_metrics": {
        "val_loss": 0.23080966075261433,
        "val_cindex": 0.7340683380762736
    }
}