{
    "split": "histo_missing",
    "best_monitor_metric": 0.7453292965888977,
    "best_metrics": {
        "val_loss": 0.23037576973438262,
        "val_cindex": 0.7453292965888977
    }
}