{
    "split": "ct_missing",
    "best_monitor_metric": 0.5522582709789277,
    "best_metrics": {
        "val_loss": 0.16901617646217346,
        "val_cindex": 0.5522582709789277
    }
}