{
    "split": "ct_missing",
    "best_monitor_metric": 0.7384278376897176,
    "best_metrics": {
        "val_loss": 0.16030718088150026,
        "val_cindex": 0.7384278376897176
    }
}