{
    "split": "mixed_missing",
    "best_monitor_metric": 0.699670688311259,
    "best_metrics": {
        "val_loss": 0.15951621135075886,
        "val_cindex": 0.699670688311259
    }
}