{
    "split": "histo_missing",
    "best_monitor_metric": 0.767909574508667,
    "best_metrics": {
        "val_loss": 0.23020099401473998,
        "val_cindex": 0.767909574508667
    }
}