{
    "split": "mixed_missing",
    "best_monitor_metric": 0.7139735658963521,
    "best_metrics": {
        "val_loss": 0.2293101966381073,
        "val_cindex": 0.7139735658963521
    }
}