{
    "split": "mixed_missing",
    "best_monitor_metric": 0.8493333498636881,
    "best_metrics": {
        "val_loss": 0.23524357378482819,
        "val_cindex": 0.8493333498636881
    }
}