{
    "split": "histo_missing",
    "best_monitor_metric": 0.7229136228561401,
    "best_metrics": {
        "val_loss": 0.2352439840634664,
        "val_cindex": 0.7229136228561401
    }
}