{
    "split": "ct_missing",
    "best_monitor_metric": 0.6239475170771281,
    "best_metrics": {
        "val_loss": 0.23523928523063659,
        "val_cindex": 0.6239475170771281
    }
}