{
    "split": "mixed_missing",
    "best_monitor_metric": 0.6823251247406006,
    "best_metrics": {
        "val_loss": 0.27756211161613464,
        "val_cindex": 0.6823251247406006
    }
}