{
    "split": "ct_missing",
    "best_monitor_metric": 0.6447938323020935,
    "best_metrics": {
        "val_loss": 0.25943610270818074,
        "val_cindex": 0.6447938323020935
    }
}