{
    "split": "mixed_missing",
    "best_monitor_metric": 0.6874844272931416,
    "best_metrics": {
        "val_loss": 0.14982100824515024,
        "val_cindex": 0.6874844272931416
    }
}