{
    "split": "histo_missing",
    "best_monitor_metric": 0.6938067118326823,
    "best_metrics": {
        "val_loss": 0.14969645241896312,
        "val_cindex": 0.6938067118326823
    }
}