{
    "split": "mixed_missing",
    "best_monitor_metric": 0.6521090348561605,
    "best_metrics": {
        "val_loss": 0.1589141140381495,
        "val_cindex": 0.6521090348561605
    }
}