{
    "split": "histo_missing",
    "best_monitor_metric": 0.6925620158513387,
    "best_metrics": {
        "val_loss": 0.15992376406987507,
        "val_cindex": 0.6925620158513387
    }
}