{
    "split": "ct_missing",
    "best_monitor_metric": 0.6516396184762319,
    "best_metrics": {
        "val_loss": 0.1596820831298828,
        "val_cindex": 0.6516396184762319
    }
}