{
    "split": "ct_missing",
    "best_monitor_metric": 0.5531200329462688,
    "best_metrics": {
        "val_loss": 0.16901678442955018,
        "val_cindex": 0.5531200329462688
    }
}