{
    "split": "histo_missing",
    "best_monitor_metric": 0.5603749692440033,
    "best_metrics": {
        "val_loss": 0.169017098347346,
        "val_cindex": 0.5603749692440033
    }
}