{
    "split": "mixed_missing",
    "best_monitor_metric": 0.5599662661552429,
    "best_metrics": {
        "val_loss": 0.16901733179887135,
        "val_cindex": 0.5599662661552429
    }
}