{
    "split": "mixed_missing",
    "best_monitor_metric": 0.6608985503514607,
    "best_metrics": {
        "val_loss": 0.16031333903471628,
        "val_cindex": 0.6608985503514607
    }
}