{
    "split": "ct_missing",
    "best_monitor_metric": 0.688376788298289,
    "best_metrics": {
        "val_loss": 0.16901465952396394,
        "val_cindex": 0.688376788298289
    }
}