{
    "split": "mixed_missing",
    "best_monitor_metric": 0.7795967102050781,
    "best_metrics": {
        "val_loss": 0.16901873548825583,
        "val_cindex": 0.7795967102050781
    }
}