{
    "split": "histo_missing",
    "best_monitor_metric": 0.6148142437140147,
    "best_metrics": {
        "val_loss": 0.25943590203921,
        "val_cindex": 0.6148142437140147
    }
}