{
    "split": "mixed_missing",
    "best_monitor_metric": 0.5885492583115896,
    "best_metrics": {
        "val_loss": 0.25928350488344826,
        "val_cindex": 0.5885492583115896
    }
}