{
    "split": "histo_missing",
    "best_monitor_metric": 0.7140351057052612,
    "best_metrics": {
        "val_loss": 0.16893592973550162,
        "val_cindex": 0.7140351057052612
    }
}