{
    "split": "ct_missing",
    "best_monitor_metric": 0.6695906360944112,
    "best_metrics": {
        "val_loss": 0.16849993367989857,
        "val_cindex": 0.6695906360944112
    }
}