{
    "split": "mixed_missing",
    "best_monitor_metric": 0.6787408391634623,
    "best_metrics": {
        "val_loss": 0.1831695854663849,
        "val_cindex": 0.6787408391634623
    }
}