{
    "split": "histo_missing",
    "best_monitor_metric": 0.7871428410212199,
    "best_metrics": {
        "val_loss": 0.1603093405564626,
        "val_cindex": 0.7871428410212199
    }
}