{
    "split": "ct_missing",
    "best_monitor_metric": 0.7802850127220153,
    "best_metrics": {
        "val_loss": 0.1603093296289444,
        "val_cindex": 0.7802850127220153
    }
}