{
    "split": "mixed_missing",
    "best_monitor_metric": 0.5994795163472494,
    "best_metrics": {
        "val_loss": 0.04332212681571643,
        "val_cindex": 0.5994795163472494
    }
}