{
    "split": "ct_missing",
    "best_monitor_metric": 0.5406691412130992,
    "best_metrics": {
        "val_loss": 0.043346988906462984,
        "val_cindex": 0.5406691412130992
    }
}