{
    "split": "histo_missing",
    "best_monitor_metric": 0.7484074513117472,
    "best_metrics": {
        "val_loss": 0.23985300175845622,
        "val_cindex": 0.7484074513117472
    }
}