{
    "split": "mixed_missing",
    "best_monitor_metric": 0.702185583114624,
    "best_metrics": {
        "val_loss": 0.5731281687815984,
        "val_cindex": 0.702185583114624
    }
}