{
    "split": "ct_missing",
    "best_monitor_metric": 0.7206814964612325,
    "best_metrics": {
        "val_loss": 0.6067248327871009,
        "val_cindex": 0.7206814964612325
    }
}