{
    "split": "mixed_missing",
    "best_monitor_metric": 0.5923762043317159,
    "best_metrics": {
        "val_loss": 0.21874683399995168,
        "val_cindex": 0.5923762043317159
    }
}