{
    "split": "ct_missing",
    "best_monitor_metric": 0.7465672810872396,
    "best_metrics": {
        "val_loss": 0.07701859871546428,
        "val_cindex": 0.7465672810872396
    }
}
