{
    "split": "histo_missing",
    "best_monitor_metric": 0.7953840732574463,
    "best_metrics": {
        "val_loss": 0.058412080506483714,
        "val_cindex": 0.7953840732574463
    }
}
