{
    "split": "mixed_missing",
    "best_monitor_metric": 0.804712172349294,
    "best_metrics": {
        "val_loss": 0.047911110272010164,
        "val_cindex": 0.804712172349294
    }
}