{
    "split": "ct_missing",
    "best_monitor_metric": 0.7337870240211487,
    "best_metrics": {
        "val_loss": 0.12299596319595972,
        "val_cindex": 0.7337870240211487
    }
}