{
    "split": "ct_missing",
    "best_monitor_metric": 0.8043859879175822,
    "best_metrics": {
        "val_loss": 0.0,
        "val_cindex": 0.8043859879175822
    }
}