{
    "split": "mixed_missing",
    "best_monitor_metric": 0.865964937210083,
    "best_metrics": {
        "val_loss": 0.0,
        "val_cindex": 0.865964937210083
    }
}