{
    "split": "ct_missing",
    "best_monitor_metric": 0.8066423257191976,
    "best_metrics": {
        "val_loss": 0.08178682575623195,
        "val_cindex": 0.8066423257191976
    }
}