{
    "split": "mixed_missing",
    "best_monitor_metric": 0.7531385103861491,
    "best_metrics": {
        "val_loss": 0.06603372295697531,
        "val_cindex": 0.7531385103861491
    }
}
