{
    "split": "histo_missing",
    "best_monitor_metric": 0.7268694519996644,
    "best_metrics": {
        "val_loss": 0.05329351822535197,
        "val_cindex": 0.7268694519996644
    }
}