{
    "split": "histo_missing",
    "best_monitor_metric": 0.7550794045130412,
    "best_metrics": {
        "val_loss": 0.40185079673926033,
        "val_cindex": 0.7550794045130412
    }
}