{
    "split": "mixed_missing",
    "best_monitor_metric": 0.7483612537384033,
    "best_metrics": {
        "val_loss": 0.3242715706427892,
        "val_cindex": 0.7483612537384033
    }
}