{
    "split": "mixed_missing",
    "best_monitor_metric": 0.6251170674959818,
    "best_metrics": {
        "val_loss": 0.057787144846386376,
        "val_cindex": 0.6251170674959818
    }
}