{
    "split": "histo_missing",
    "best_monitor_metric": 0.6794771154721578,
    "best_metrics": {
        "val_loss": 0.0577622652053833,
        "val_cindex": 0.6794771154721578
    }
}