{
    "split": "mixed_missing",
    "best_monitor_metric": 0.5155175864696503,
    "best_metrics": {
        "val_loss": 0.4142528772354126,
        "val_cindex": 0.5155175864696503
    }
}