{
    "split": "ct_missing",
    "best_monitor_metric": 0.5263782342274984,
    "best_metrics": {
        "val_loss": 0.41425250271956127,
        "val_cindex": 0.5263782342274984
    }
}