{
    "split": "ct_missing",
    "best_monitor_metric": 0.6094498594601949,
    "best_metrics": {
        "val_loss": 0.14238536854585013,
        "val_cindex": 0.6094498594601949
    }
}