{
    "split": "mixed_missing",
    "best_monitor_metric": 0.6034248034159343,
    "best_metrics": {
        "val_loss": 0.04405236840248108,
        "val_cindex": 0.6034248034159343
    }
}