{
    "split": "histo_missing",
    "best_monitor_metric": 0.6172290722529093,
    "best_metrics": {
        "val_loss": 0.2594219853480657,
        "val_cindex": 0.6172290722529093
    }
}