{
    "split": "ct_missing",
    "best_monitor_metric": 0.6105734785397847,
    "best_metrics": {
        "val_loss": 0.26491674135128657,
        "val_cindex": 0.6105734785397847
    }
}