{
    "split": "mixed_missing",
    "best_monitor_metric": 0.6875746051470438,
    "best_metrics": {
        "val_loss": 0.31256319135427474,
        "val_cindex": 0.6875746051470438
    }
}