{
    "split": "ct_missing",
    "best_monitor_metric": 0.6025586525599161,
    "best_metrics": {
        "val_loss": 0.04332257782419523,
        "val_cindex": 0.6025586525599161
    }
}