{
    "split": "mixed_missing",
    "best_monitor_metric": 0.5477512498696645,
    "best_metrics": {
        "val_loss": 0.043322284768025084,
        "val_cindex": 0.5477512498696645
    }
}