{
    "split": "ct_missing",
    "best_monitor_metric": 0.6801961064338684,
    "best_metrics": {
        "val_loss": 0.21974067208939232,
        "val_cindex": 0.6801961064338684
    }
}