{
    "split": "mixed_missing",
    "best_monitor_metric": 0.7342672546704611,
    "best_metrics": {
        "val_loss": 0.1603113184372584,
        "val_cindex": 0.7342672546704611
    }
}