{
    "split": "ct_missing",
    "best_monitor_metric": 0.7254011352856954,
    "best_metrics": {
        "val_loss": 0.16030850013097128,
        "val_cindex": 0.7254011352856954
    }
}