{"_step":99,"_timestamp":1.739352499931552e+09,"Val Accuracy":0.5344827586206896,"_runtime":34984.505850407,"G2_TrainAcc":96.33802816901408,"G2_ValAcc":100,"_wandb":{"runtime":34984},"G3_ValAcc":42.10526315789474,"Train Accuracy":0.9105691056910569,"Val Loss":5.37472856770637,"Epoch":100,"G1_ValAcc":0,"G1_TrainAcc":56.666666666666664,"G3_TrainAcc":83.17757009345794,"Train Loss":0.2750791552807054}
