{
    "split": "histo_missing",
    "best_monitor_metric": 0.7879010319709778,
    "best_metrics": {
        "val_loss": 0.2821583807468414,
        "val_cindex": 0.7879010319709778
    }
}