{
    "split": "mixed_missing",
    "best_monitor_metric": 0.7868142247200012,
    "best_metrics": {
        "val_loss": 0.2816946029663086,
        "val_cindex": 0.7868142247200012
    }
}