{
    "split": "ct_missing",
    "best_monitor_metric": 0.7908799290657044,
    "best_metrics": {
        "val_loss": 0.28218818704287213,
        "val_cindex": 0.7908799290657044
    }
}