{
    "split": "ct_missing",
    "best_monitor_metric": 0.6935804049173991,
    "best_metrics": {
        "val_loss": 0.280466195444266,
        "val_cindex": 0.6935804049173991
    }
}