{
    "split": "mixed_missing",
    "best_monitor_metric": 0.670480211575826,
    "best_metrics": {
        "val_loss": 0.28046561082204186,
        "val_cindex": 0.670480211575826
    }
}