{
    "split": "ct_missing",
    "best_monitor_metric": 0.5747962594032288,
    "best_metrics": {
        "val_loss": 0.043321730693181355,
        "val_cindex": 0.5747962594032288
    }
}