{
    "split": "mixed_missing",
    "best_monitor_metric": 0.5810604393482208,
    "best_metrics": {
        "val_loss": 0.04332291136185328,
        "val_cindex": 0.5810604393482208
    }
}