{
    "split": "histo_missing",
    "best_monitor_metric": 0.6312966426213582,
    "best_metrics": {
        "val_loss": 0.04332171181837718,
        "val_cindex": 0.6312966426213582
    }
}