{
    "split": "mixed_missing",
    "best_monitor_metric": 0.6585942188898722,
    "best_metrics": {
        "val_loss": 0.16060509781042734,
        "val_cindex": 0.6585942188898722
    }
}