{
    "split": "histo_missing",
    "best_monitor_metric": 0.6749207417170207,
    "best_metrics": {
        "val_loss": 0.15999140838781992,
        "val_cindex": 0.6749207417170207
    }
}