{
    "split": "mixed_missing",
    "best_monitor_metric": 0.697920807202657,
    "best_metrics": {
        "val_loss": 0.850956137975057,
        "val_cindex": 0.697920807202657
    }
}