{
    "fold_results": [
        {
            "fold": 0,
            "num_train_samples": 74,
            "best_monitor_values": {
                "ct_missing": 0.5589216709136963,
                "histo_missing": 0.6193585793177286,
                "mixed_missing": 0.5644140263398488
            },
            "best_metrics_per_split": {
                "ct_missing": {
                    "val_loss": 0.16902439097563426,
                    "val_cindex": 0.5589216709136963
                },
                "histo_missing": {
                    "val_loss": 0.1690168301264445,
                    "val_cindex": 0.6193585793177286
                },
                "mixed_missing": {
                    "val_loss": 0.16901918749014536,
                    "val_cindex": 0.5644140263398488
                }
            }
        },
        {
            "fold": 1,
            "num_train_samples": 69,
            "best_monitor_values": {
                "ct_missing": 0.729159394900004,
                "histo_missing": 0.7239054044087728,
                "mixed_missing": 0.7050440510114034
            },
            "best_metrics_per_split": {
                "ct_missing": {
                    "val_loss": 0.23524389962355297,
                    "val_cindex": 0.729159394900004
                },
                "histo_missing": {
                    "val_loss": 0.23524338205655415,
                    "val_cindex": 0.7239054044087728
                },
                "mixed_missing": {
                    "val_loss": 0.2352446933587392,
                    "val_cindex": 0.7050440510114034
                }
            }
        },
        {
            "fold": 2,
            "num_train_samples": 63,
            "best_monitor_values": {
                "ct_missing": 0.6171917637189229,
                "histo_missing": 0.5325037837028503,
                "mixed_missing": 0.5143753925959269
            },
            "best_metrics_per_split": {
                "ct_missing": {
                    "val_loss": 0.4142504433790843,
                    "val_cindex": 0.6171917637189229
                },
                "histo_missing": {
                    "val_loss": 0.41431130667527516,
                    "val_cindex": 0.5325037837028503
                },
                "mixed_missing": {
                    "val_loss": 0.4142637332280477,
                    "val_cindex": 0.5143753925959269
                }
            }
        },
        {
            "fold": 3,
            "num_train_samples": 66,
            "best_monitor_values": {
                "ct_missing": 0.5371481994787852,
                "histo_missing": 0.5335576971371968,
                "mixed_missing": 0.5297853986422221
            },
            "best_metrics_per_split": {
                "ct_missing": {
                    "val_loss": 0.04332169964909553,
                    "val_cindex": 0.5371481994787852
                },
                "histo_missing": {
                    "val_loss": 0.043321698904037476,
                    "val_cindex": 0.5335576971371968
                },
                "mixed_missing": {
                    "val_loss": 0.0433216966688633,
                    "val_cindex": 0.5297853986422221
                }
            }
        },
        {
            "fold": 4,
            "num_train_samples": 76,
            "best_monitor_values": {
                "ct_missing": 0.6237261533737183,
                "histo_missing": 0.6558473567167918,
                "mixed_missing": 0.607351275285085
            },
            "best_metrics_per_split": {
                "ct_missing": {
                    "val_loss": 0.0,
                    "val_cindex": 0.6237261533737183
                },
                "histo_missing": {
                    "val_loss": 0.0,
                    "val_cindex": 0.6558473567167918
                },
                "mixed_missing": {
                    "val_loss": 0.0,
                    "val_cindex": 0.607351275285085
                }
            }
        }
    ]
}