{
    "split": "mixed_missing",
    "best_monitor_metric": 0.40765137076377866,
    "best_metrics": {
        "val_loss": 0.16021797955036163,
        "val_cindex": 0.40765137076377866
    }
}