{
    "split": "ct_missing",
    "best_monitor_metric": 0.3929924249649048,
    "best_metrics": {
        "val_loss": 0.16013412773609162,
        "val_cindex": 0.3929924249649048
    }
}