{
    "split": "ct_missing",
    "best_monitor_metric": 0.763662846883138,
    "best_metrics": {
        "val_loss": 0.22254359523455303,
        "val_cindex": 0.763662846883138
    }
}