{
    "split": "histo_missing",
    "best_monitor_metric": 0.7774370829264323,
    "best_metrics": {
        "val_loss": 0.22116546630859374,
        "val_cindex": 0.7774370829264323
    }
}