{
    "split": "mixed_missing",
    "best_monitor_metric": 0.7689780116081237,
    "best_metrics": {
        "val_loss": 0.2170545220375061,
        "val_cindex": 0.7689780116081237
    }
}