{
    "split": "ct_missing",
    "best_monitor_metric": 0.8596619963645935,
    "best_metrics": {
        "val_loss": 0.122104358052214,
        "val_cindex": 0.8596619963645935
    }
}