{
    "split": "mixed_missing",
    "best_monitor_metric": 0.8509929180145264,
    "best_metrics": {
        "val_loss": 0.47329927616652107,
        "val_cindex": 0.8509929180145264
    }
}
