{
    "split": "mixed_missing",
    "best_monitor_metric": 0.5197877089182535,
    "best_metrics": {
        "val_loss": 0.4142495145400365,
        "val_cindex": 0.5197877089182535
    }
}