{
    "split": "histo_missing",
    "best_monitor_metric": 0.9177816112836202,
    "best_metrics": {
        "val_loss": 0.2404365435242653,
        "val_cindex": 0.9177816112836202
    }
}