{
    "split": "ct_missing",
    "best_monitor_metric": 0.8488010605176289,
    "best_metrics": {
        "val_loss": 0.1909011443456014,
        "val_cindex": 0.8488010605176289
    }
}