{
    "split": "mixed_missing",
    "best_monitor_metric": 0.8308638016382853,
    "best_metrics": {
        "val_loss": 0.2857968206206957,
        "val_cindex": 0.8308638016382853
    }
}
