{
    "split": "histo_missing",
    "best_monitor_metric": 0.580515734354655,
    "best_metrics": {
        "val_loss": 1.3202246639463635,
        "val_cindex": 0.580515734354655
    }
}