{
    "split": "mixed_missing",
    "best_monitor_metric": 0.7071824510892232,
    "best_metrics": {
        "val_loss": 0.4982634236415227,
        "val_cindex": 0.7071824510892232
    }
}