{
    "split": "histo_missing",
    "best_monitor_metric": 0.8905376434326172,
    "best_metrics": {
        "val_loss": 0.4142526090145111,
        "val_cindex": 0.8905376434326172
    }
}