{
    "split": "histo_missing",
    "best_monitor_metric": 0.6857573906580607,
    "best_metrics": {
        "val_loss": 0.21978855364852481,
        "val_cindex": 0.6857573906580607
    }
}