{
    "split": "histo_missing",
    "best_monitor_metric": 0.6167869965235392,
    "best_metrics": {
        "val_loss": 0.37354965772893695,
        "val_cindex": 0.6167869965235392
    }
}