{
    "split": "histo_missing",
    "best_monitor_metric": 0.6476576129595438,
    "best_metrics": {
        "val_loss": 0.0,
        "val_cindex": 0.6476576129595438
    }
}