{
    "split": "mixed_missing",
    "best_monitor_metric": 0.7649598161379496,
    "best_metrics": {
        "val_loss": 0.3354277670383453,
        "val_cindex": 0.7649598161379496
    }
}