{
    "split": "mixed_missing",
    "best_monitor_metric": 0.6647037585576375,
    "best_metrics": {
        "val_loss": 0.364072713876764,
        "val_cindex": 0.6647037585576375
    }
}