{
    "split": "histo_missing",
    "best_monitor_metric": 0.7491316239039103,
    "best_metrics": {
        "val_loss": 0.23524371286233267,
        "val_cindex": 0.7491316239039103
    }
}