{
    "split": "mixed_missing",
    "best_monitor_metric": 0.6276003003120423,
    "best_metrics": {
        "val_loss": 0.3545265064885219,
        "val_cindex": 0.6276003003120423
    }
}