{
    "split": "histo_missing",
    "best_monitor_metric": 0.6648965954780579,
    "best_metrics": {
        "val_loss": 0.2583181396126747,
        "val_cindex": 0.6648965954780579
    }
}