{
    "split": "ct_missing",
    "best_monitor_metric": 0.6670894742012023,
    "best_metrics": {
        "val_loss": 0.28514196077982584,
        "val_cindex": 0.6670894742012023
    }
}