{
    "split": "mixed_missing",
    "best_monitor_metric": 0.5134889821211497,
    "best_metrics": {
        "val_loss": 0.42488066454728446,
        "val_cindex": 0.5134889821211497
    }
}