{
    "split": "ct_missing",
    "best_monitor_metric": 0.5617619574069976,
    "best_metrics": {
        "val_loss": 0.4277665684620539,
        "val_cindex": 0.5617619574069976
    }
}