{
    "split": "histo_missing",
    "best_monitor_metric": 0.5536982556184132,
    "best_metrics": {
        "val_loss": 0.4127000520626704,
        "val_cindex": 0.5536982556184132
    }
}