{
    "split": "histo_missing",
    "best_monitor_metric": 0.6430256287256877,
    "best_metrics": {
        "val_loss": 0.14989510476589202,
        "val_cindex": 0.6430256287256877
    }
}