{
    "split": "mixed_missing",
    "best_monitor_metric": 0.6383568425973256,
    "best_metrics": {
        "val_loss": 0.1498669574658076,
        "val_cindex": 0.6383568425973256
    }
}