{
    "split": "ct_missing",
    "best_monitor_metric": 0.6603159189224244,
    "best_metrics": {
        "val_loss": 0.23524357577164967,
        "val_cindex": 0.6603159189224244
    }
}