{
    "split": "ct_missing",
    "best_monitor_metric": 0.6309308012326559,
    "best_metrics": {
        "val_loss": 0.5106836747792032,
        "val_cindex": 0.6309308012326559
    }
}