{
    "split": "histo_missing",
    "best_monitor_metric": 0.69339333375295,
    "best_metrics": {
        "val_loss": 0.2304277112086614,
        "val_cindex": 0.69339333375295
    }
}