{
    "split": "mixed_missing",
    "best_monitor_metric": 0.733590030670166,
    "best_metrics": {
        "val_loss": 0.0795841857790947,
        "val_cindex": 0.733590030670166
    }
}