{
    "split": "mixed_missing",
    "best_monitor_metric": 0.762567937374115,
    "best_metrics": {
        "val_loss": 2.194810451401604,
        "val_cindex": 0.762567937374115
    }
}