{
    "split": "histo_missing",
    "best_monitor_metric": 0.6386142174402872,
    "best_metrics": {
        "val_loss": 0.23043421539995407,
        "val_cindex": 0.6386142174402872
    }
}