{
    "split": "mixed_missing",
    "best_monitor_metric": 0.6667001247406006,
    "best_metrics": {
        "val_loss": 0.2341937690973282,
        "val_cindex": 0.6667001247406006
    }
}