{
    "split": "histo_missing",
    "best_monitor_metric": 0.6151002407073974,
    "best_metrics": {
        "val_loss": 0.23342792689800262,
        "val_cindex": 0.6151002407073974
    }
}