{
    "split": "ct_missing",
    "best_monitor_metric": 0.5549512604872385,
    "best_metrics": {
        "val_loss": 0.4144301195939382,
        "val_cindex": 0.5549512604872385
    }
}