{
    "split": "histo_missing",
    "best_monitor_metric": 0.6093937873840332,
    "best_metrics": {
        "val_loss": 0.4144692321618398,
        "val_cindex": 0.6093937873840332
    }
}