{
    "split": "ct_missing",
    "best_monitor_metric": 0.7260436534881591,
    "best_metrics": {
        "val_loss": 0.3587264319260915,
        "val_cindex": 0.7260436534881591
    }
}
