{
    "split": "histo_missing",
    "best_monitor_metric": 0.7740090409914653,
    "best_metrics": {
        "val_loss": 0.15046914517879487,
        "val_cindex": 0.7740090409914653
    }
}
