{
    "split": "mixed_missing",
    "best_monitor_metric": 0.7283062140146891,
    "best_metrics": {
        "val_loss": 0.5111632525920868,
        "val_cindex": 0.7283062140146891
    }
}
