{
    "split": "ct_missing",
    "best_monitor_metric": 0.6377830386161805,
    "best_metrics": {
        "val_loss": 0.1498683234055837,
        "val_cindex": 0.6377830386161805
    }
}