{
    "split": "histo_missing",
    "best_monitor_metric": 0.6089201688766479,
    "best_metrics": {
        "val_loss": 0.1498683512210846,
        "val_cindex": 0.6089201688766479
    }
}