{
    "split": "mixed_missing",
    "best_monitor_metric": 0.6066518286863963,
    "best_metrics": {
        "val_loss": 0.14984280268351238,
        "val_cindex": 0.6066518286863963
    }
}