{
    "split": "histo_missing",
    "best_monitor_metric": 0.647821307182312,
    "best_metrics": {
        "val_loss": 0.46204889058652854,
        "val_cindex": 0.647821307182312
    }
}