{
    "split": "ct_missing",
    "best_monitor_metric": 0.66268230676651,
    "best_metrics": {
        "val_loss": 0.2277242276403639,
        "val_cindex": 0.66268230676651
    }
}