{
    "split": "mixed_missing",
    "best_monitor_metric": 0.5815922300020854,
    "best_metrics": {
        "val_loss": 0.14410854677359264,
        "val_cindex": 0.5815922300020854
    }
}