{
    "split": "ct_missing",
    "best_monitor_metric": 0.5748792320489884,
    "best_metrics": {
        "val_loss": 0.15252736657857896,
        "val_cindex": 0.5748792320489884
    }
}