{
    "split": "histo_missing",
    "best_monitor_metric": 0.8037065704663594,
    "best_metrics": {
        "val_loss": 0.07236141016085942,
        "val_cindex": 0.8037065704663594
    }
}