{
    "split": "mixed_missing",
    "best_monitor_metric": 0.7535760362943014,
    "best_metrics": {
        "val_loss": 0.08134096960226694,
        "val_cindex": 0.7535760362943014
    }
}