{
    "split": "ct_missing",
    "best_monitor_metric": 0.5143800040086111,
    "best_metrics": {
        "val_loss": 0.41467881997426354,
        "val_cindex": 0.5143800040086111
    }
}