{
    "split": "mixed_missing",
    "best_monitor_metric": 0.5303369224071502,
    "best_metrics": {
        "val_loss": 0.4138447711865107,
        "val_cindex": 0.5303369224071502
    }
}