{
    "split": "mixed_missing",
    "best_monitor_metric": 0.8402099728584289,
    "best_metrics": {
        "val_loss": 0.12530809938907622,
        "val_cindex": 0.8402099728584289
    }
}