{
    "split": "ct_missing",
    "best_monitor_metric": 0.8069236516952515,
    "best_metrics": {
        "val_loss": 0.1537408063809077,
        "val_cindex": 0.8069236516952515
    }
}