{
    "split": "ct_missing",
    "best_monitor_metric": 0.7166990836461385,
    "best_metrics": {
        "val_loss": 0.09505043973525365,
        "val_cindex": 0.7166990836461385
    }
}