{
    "split": "histo_missing",
    "best_monitor_metric": 0.6993367036183675,
    "best_metrics": {
        "val_loss": 0.1598991851011912,
        "val_cindex": 0.6993367036183675
    }
}