{
    "split": "ct_missing",
    "best_monitor_metric": 0.6819798111915588,
    "best_metrics": {
        "val_loss": 0.1591956188281377,
        "val_cindex": 0.6819798111915588
    }
}