{
    "split": "ct_missing",
    "best_monitor_metric": 0.6408333460489909,
    "best_metrics": {
        "val_loss": 1.2770576794942223,
        "val_cindex": 0.6408333460489909
    }
}