{
    "split": "histo_missing",
    "best_monitor_metric": 0.6895535667737325,
    "best_metrics": {
        "val_loss": 1.2813184764650132,
        "val_cindex": 0.6895535667737325
    }
}