{
    "split": "mixed_missing",
    "best_monitor_metric": 0.6429758509000142,
    "best_metrics": {
        "val_loss": 1.303027460310194,
        "val_cindex": 0.6429758509000142
    }
}