{
    "split": "histo_missing",
    "best_monitor_metric": 0.6247132142384847,
    "best_metrics": {
        "val_loss": 0.0785038236114714,
        "val_cindex": 0.6247132142384847
    }
}