{
    "split": "ct_missing",
    "best_monitor_metric": 0.6526184717814127,
    "best_metrics": {
        "val_loss": 0.057762268847889375,
        "val_cindex": 0.6526184717814127
    }
}