{
    "split": "mixed_missing",
    "best_monitor_metric": 0.8248921195665996,
    "best_metrics": {
        "val_loss": 0.22652133777737618,
        "val_cindex": 0.8248921195665996
    }
}