{
    "split": "histo_missing",
    "best_monitor_metric": 0.8066666682561239,
    "best_metrics": {
        "val_loss": 0.0,
        "val_cindex": 0.8066666682561239
    }
}