{
    "split": "mixed_missing",
    "best_monitor_metric": 0.7686925967534383,
    "best_metrics": {
        "val_loss": 0.5526979863643646,
        "val_cindex": 0.7686925967534383
    }
}
