{
    "split": "ct_missing",
    "best_monitor_metric": 0.6808446447054545,
    "best_metrics": {
        "val_loss": 0.5490287135044734,
        "val_cindex": 0.6808446447054545
    }
}