{
    "split": "ct_missing",
    "best_monitor_metric": 0.69447869459788,
    "best_metrics": {
        "val_loss": 0.14628126074870426,
        "val_cindex": 0.69447869459788
    }
}