{
    "split": "histo_missing",
    "best_monitor_metric": 0.6971284548441569,
    "best_metrics": {
        "val_loss": 0.14944359163443247,
        "val_cindex": 0.6971284548441569
    }
}