{
    "split": "histo_missing",
    "best_monitor_metric": 0.6324204762776693,
    "best_metrics": {
        "val_loss": 0.25941593050956724,
        "val_cindex": 0.6324204762776693
    }
}