{
    "split": "mixed_missing",
    "best_monitor_metric": 0.6056774894396464,
    "best_metrics": {
        "val_loss": 0.2597179040312767,
        "val_cindex": 0.6056774894396464
    }
}