{
    "split": "ct_missing",
    "best_monitor_metric": 0.7836411674817403,
    "best_metrics": {
        "val_loss": 0.09975444078445435,
        "val_cindex": 0.7836411674817403
    }
}
