{
    "split": "mixed_missing",
    "best_monitor_metric": 0.7851898233095805,
    "best_metrics": {
        "val_loss": 0.2565833662947019,
        "val_cindex": 0.7851898233095805
    }
}