{
    "split": "mixed_missing",
    "best_monitor_metric": 0.6200901587804158,
    "best_metrics": {
        "val_loss": 0.1092631166179975,
        "val_cindex": 0.6200901587804158
    }
}