{
    "split": "ct_missing",
    "best_monitor_metric": 0.6599704662958781,
    "best_metrics": {
        "val_loss": 0.13562238216400146,
        "val_cindex": 0.6599704662958781
    }
}