{
    "split": "mixed_missing",
    "best_monitor_metric": 0.8004414478937785,
    "best_metrics": {
        "val_loss": 0.07076380948225656,
        "val_cindex": 0.8004414478937785
    }
}