{
    "split": "mixed_missing",
    "best_monitor_metric": 0.5647353152434031,
    "best_metrics": {
        "val_loss": 0.057763731810781684,
        "val_cindex": 0.5647353152434031
    }
}