{
    "split": "ct_missing",
    "best_monitor_metric": 0.5814002454280853,
    "best_metrics": {
        "val_loss": 0.057787408100234146,
        "val_cindex": 0.5814002454280853
    }
}