{
    "split": "mixed_missing",
    "best_monitor_metric": 0.5261971930662791,
    "best_metrics": {
        "val_loss": 0.16900652448336284,
        "val_cindex": 0.5261971930662791
    }
}