{
    "split": "ct_missing",
    "best_monitor_metric": 0.6373392661412557,
    "best_metrics": {
        "val_loss": 0.2594343846042951,
        "val_cindex": 0.6373392661412557
    }
}