{
    "split": "mixed_missing",
    "best_monitor_metric": 0.6599736213684082,
    "best_metrics": {
        "val_loss": 0.1611100435256958,
        "val_cindex": 0.6599736213684082
    }
}