{
    "split": "histo_missing",
    "best_monitor_metric": 0.6782610177993774,
    "best_metrics": {
        "val_loss": 0.16866718729337057,
        "val_cindex": 0.6782610177993774
    }
}