{
    "split": "ct_missing",
    "best_monitor_metric": 0.6614422877629598,
    "best_metrics": {
        "val_loss": 0.05543451507886251,
        "val_cindex": 0.6614422877629598
    }
}