{
    "split": "mixed_missing",
    "best_monitor_metric": 0.6897230625152588,
    "best_metrics": {
        "val_loss": 0.06730457643667857,
        "val_cindex": 0.6897230625152588
    }
}