{
    "split": "histo_missing",
    "best_monitor_metric": 0.6764909704526265,
    "best_metrics": {
        "val_loss": 0.17694137493769327,
        "val_cindex": 0.6764909704526265
    }
}