{
    "split": "mixed_missing",
    "best_monitor_metric": 0.7948720693588257,
    "best_metrics": {
        "val_loss": 0.25119929512341815,
        "val_cindex": 0.7948720693588257
    }
}