{
    "split": "ct_missing",
    "best_monitor_metric": 0.7684408942858378,
    "best_metrics": {
        "val_loss": 0.2619776199261347,
        "val_cindex": 0.7684408942858378
    }
}