{
    "split": "mixed_missing",
    "best_monitor_metric": 0.5749971747398377,
    "best_metrics": {
        "val_loss": 0.14986975193023683,
        "val_cindex": 0.5749971747398377
    }
}