{
    "split": "ct_missing",
    "best_monitor_metric": 0.5759053468704224,
    "best_metrics": {
        "val_loss": 0.14981292486190795,
        "val_cindex": 0.5759053468704224
    }
}