{
    "split": "histo_missing",
    "best_monitor_metric": 0.5761001884937287,
    "best_metrics": {
        "val_loss": 0.14986772537231446,
        "val_cindex": 0.5761001884937287
    }
}