{
    "split": "ct_missing",
    "best_monitor_metric": 0.7473241567611695,
    "best_metrics": {
        "val_loss": 0.30730991065502167,
        "val_cindex": 0.7473241567611695
    }
}