{
    "split": "ct_missing",
    "best_monitor_metric": 0.674013364315033,
    "best_metrics": {
        "val_loss": 0.2352451801300049,
        "val_cindex": 0.674013364315033
    }
}