{
    "split": "mixed_missing",
    "best_monitor_metric": 0.6564751386642456,
    "best_metrics": {
        "val_loss": 0.42316356650553644,
        "val_cindex": 0.6564751386642456
    }
}