{
    "split": "ct_missing",
    "best_monitor_metric": 0.6519740184148153,
    "best_metrics": {
        "val_loss": 0.6549144996562972,
        "val_cindex": 0.6519740184148153
    }
}