{
    "split": "ct_missing",
    "best_monitor_metric": 0.6036251386006674,
    "best_metrics": {
        "val_loss": 0.0,
        "val_cindex": 0.6036251386006674
    }
}