{
    "split": "histo_missing",
    "best_monitor_metric": 0.5957825899124145,
    "best_metrics": {
        "val_loss": 0.0,
        "val_cindex": 0.5957825899124145
    }
}