{
    "split": "mixed_missing",
    "best_monitor_metric": 0.642672351996104,
    "best_metrics": {
        "val_loss": 0.1863962342341741,
        "val_cindex": 0.642672351996104
    }
}