{
    "split": "ct_missing",
    "best_monitor_metric": 0.654563570022583,
    "best_metrics": {
        "val_loss": 0.14986343880494435,
        "val_cindex": 0.654563570022583
    }
}