{
    "split": "histo_missing",
    "best_monitor_metric": 0.6801245292027791,
    "best_metrics": {
        "val_loss": 0.18647772669792176,
        "val_cindex": 0.6801245292027791
    }
}