{
    "split": "ct_missing",
    "best_monitor_metric": 0.7074937224388123,
    "best_metrics": {
        "val_loss": 0.15264712075392406,
        "val_cindex": 0.7074937224388123
    }
}
