{
    "split": "mixed_missing",
    "best_monitor_metric": 0.6624836802482605,
    "best_metrics": {
        "val_loss": 0.15275712211926779,
        "val_cindex": 0.6624836802482605
    }
}
