{
    "split": "histo_missing",
    "best_monitor_metric": 0.735751728216807,
    "best_metrics": {
        "val_loss": 0.9374587138493856,
        "val_cindex": 0.735751728216807
    }
}