{
    "split": "mixed_missing",
    "best_monitor_metric": 0.7873662948608399,
    "best_metrics": {
        "val_loss": 0.7299228072166443,
        "val_cindex": 0.7873662948608399
    }
}