{
    "split": "mixed_missing",
    "best_monitor_metric": 0.6570337096850077,
    "best_metrics": {
        "val_loss": 0.16066599190235137,
        "val_cindex": 0.6570337096850077
    }
}