{
    "split": "mixed_missing",
    "best_monitor_metric": 0.759592076142629,
    "best_metrics": {
        "val_loss": 0.321855299671491,
        "val_cindex": 0.759592076142629
    }
}