{
    "split": "ct_missing",
    "best_monitor_metric": 0.7802332282066345,
    "best_metrics": {
        "val_loss": 0.3391345570484797,
        "val_cindex": 0.7802332282066345
    }
}