{
    "split": "histo_missing",
    "best_monitor_metric": 0.7713655193646749,
    "best_metrics": {
        "val_loss": 0.28047653536001843,
        "val_cindex": 0.7713655193646749
    }
}