{
    "split": "mixed_missing",
    "best_monitor_metric": 0.7130248109499614,
    "best_metrics": {
        "val_loss": 0.23519617915153504,
        "val_cindex": 0.7130248109499614
    }
}