{
    "split": "mixed_missing",
    "best_monitor_metric": 0.6785714030265808,
    "best_metrics": {
        "val_loss": 0.28046561529239017,
        "val_cindex": 0.6785714030265808
    }
}