{
    "split": "histo_missing",
    "best_monitor_metric": 0.6850990454355875,
    "best_metrics": {
        "val_loss": 0.28046561578909557,
        "val_cindex": 0.6850990454355875
    }
}