{
    "split": "mixed_missing",
    "best_monitor_metric": 0.6508295595645904,
    "best_metrics": {
        "val_loss": 0.14983986914157868,
        "val_cindex": 0.6508295595645904
    }
}