{
    "split": "ct_missing",
    "best_monitor_metric": 0.6561376750469208,
    "best_metrics": {
        "val_loss": 0.2799822380145391,
        "val_cindex": 0.6561376750469208
    }
}