{
    "split": "histo_missing",
    "best_monitor_metric": 0.6445036808649699,
    "best_metrics": {
        "val_loss": 0.2800050854682922,
        "val_cindex": 0.6445036808649699
    }
}