{
    "split": "mixed_missing",
    "best_monitor_metric": 0.685150663057963,
    "best_metrics": {
        "val_loss": 0.15123773912588756,
        "val_cindex": 0.685150663057963
    }
}