{
    "split": "ct_missing",
    "best_monitor_metric": 0.5538798371950785,
    "best_metrics": {
        "val_loss": 0.043321701635917025,
        "val_cindex": 0.5538798371950785
    }
}