{
    "split": "mixed_missing",
    "best_monitor_metric": 0.5363341291745504,
    "best_metrics": {
        "val_loss": 0.04332170014580091,
        "val_cindex": 0.5363341291745504
    }
}