{
    "split": "mixed_missing",
    "best_monitor_metric": 0.7913899421691895,
    "best_metrics": {
        "val_loss": 0.2478002178715542,
        "val_cindex": 0.7913899421691895
    }
}