{
    "split": "histo_missing",
    "best_monitor_metric": 0.5876223345597585,
    "best_metrics": {
        "val_loss": 0.1602905640999476,
        "val_cindex": 0.5876223345597585
    }
}