{
    "split": "ct_missing",
    "best_monitor_metric": 0.6527272681395213,
    "best_metrics": {
        "val_loss": 0.0,
        "val_cindex": 0.6527272681395213
    }
}