{
    "split": "histo_missing",
    "best_monitor_metric": 0.5928269445896148,
    "best_metrics": {
        "val_loss": 0.04332169865568479,
        "val_cindex": 0.5928269445896148
    }
}