{
    "split": "ct_missing",
    "best_monitor_metric": 0.6103879272937774,
    "best_metrics": {
        "val_loss": 0.04332169915239016,
        "val_cindex": 0.6103879272937774
    }
}