{
    "split": "mixed_missing",
    "best_monitor_metric": 0.547793710231781,
    "best_metrics": {
        "val_loss": 0.41422757804393767,
        "val_cindex": 0.547793710231781
    }
}