{
    "split": "histo_missing",
    "best_monitor_metric": 0.5604053258895874,
    "best_metrics": {
        "val_loss": 0.4142538477977117,
        "val_cindex": 0.5604053258895874
    }
}