{
    "split": "ct_missing",
    "best_monitor_metric": 0.6615923722585042,
    "best_metrics": {
        "val_loss": 0.15508527060349783,
        "val_cindex": 0.6615923722585042
    }
}