{
    "split": "mixed_missing",
    "best_monitor_metric": 0.7098072528839111,
    "best_metrics": {
        "val_loss": 0.10216436684131622,
        "val_cindex": 0.7098072528839111
    }
}