{
    "split": "mixed_missing",
    "best_monitor_metric": 0.800031316280365,
    "best_metrics": {
        "val_loss": 0.41425254940986633,
        "val_cindex": 0.800031316280365
    }
}