{
    "split": "mixed_missing",
    "best_monitor_metric": 0.6373137553532918,
    "best_metrics": {
        "val_loss": 0.285622201859951,
        "val_cindex": 0.6373137553532918
    }
}