{
    "split": "histo_missing",
    "best_monitor_metric": 0.6491467356681824,
    "best_metrics": {
        "val_loss": 0.2798415844639142,
        "val_cindex": 0.6491467356681824
    }
}