{
    "split": "histo_missing",
    "best_monitor_metric": 0.6126639723777771,
    "best_metrics": {
        "val_loss": 0.1498687913020452,
        "val_cindex": 0.6126639723777771
    }
}