{
    "split": "mixed_missing",
    "best_monitor_metric": 0.8395537336667379,
    "best_metrics": {
        "val_loss": 0.11584942274623475,
        "val_cindex": 0.8395537336667379
    }
}