{
    "split": "histo_missing",
    "best_monitor_metric": 0.5917635520299276,
    "best_metrics": {
        "val_loss": 0.1753520578145981,
        "val_cindex": 0.5917635520299276
    }
}