{
    "split": "histo_missing",
    "best_monitor_metric": 0.6504518985748291,
    "best_metrics": {
        "val_loss": 0.18129453758398692,
        "val_cindex": 0.6504518985748291
    }
}