{
    "split": "ct_missing",
    "best_monitor_metric": 0.6137389341990153,
    "best_metrics": {
        "val_loss": 0.28045692592859267,
        "val_cindex": 0.6137389341990153
    }
}