{
    "split": "mixed_missing",
    "best_monitor_metric": 0.5964653650919597,
    "best_metrics": {
        "val_loss": 0.1603243221839269,
        "val_cindex": 0.5964653650919597
    }
}