{
    "split": "histo_missing",
    "best_monitor_metric": 0.7138482650121053,
    "best_metrics": {
        "val_loss": 0.16032546758651733,
        "val_cindex": 0.7138482650121053
    }
}