{
    "split": "ct_missing",
    "best_monitor_metric": 0.5848460555076599,
    "best_metrics": {
        "val_loss": 0.16030387381712596,
        "val_cindex": 0.5848460555076599
    }
}