{
    "split": "ct_missing",
    "best_monitor_metric": 0.6898334145545959,
    "best_metrics": {
        "val_loss": 1.5083932187822133,
        "val_cindex": 0.6898334145545959
    }
}