{
    "split": "mixed_missing",
    "best_monitor_metric": 0.7063051541646321,
    "best_metrics": {
        "val_loss": 0.16027392943700156,
        "val_cindex": 0.7063051541646321
    }
}