{
    "split": "ct_missing",
    "best_monitor_metric": 0.7101707061131796,
    "best_metrics": {
        "val_loss": 0.160297233859698,
        "val_cindex": 0.7101707061131796
    }
}