{
    "split": "mixed_missing",
    "best_monitor_metric": 0.6265206495920818,
    "best_metrics": {
        "val_loss": 0.2800223916769028,
        "val_cindex": 0.6265206495920818
    }
}