{
    "split": "histo_missing",
    "best_monitor_metric": 0.6293612678845724,
    "best_metrics": {
        "val_loss": 0.280470509827137,
        "val_cindex": 0.6293612678845724
    }
}