{
    "split": "ct_missing",
    "best_monitor_metric": 0.6244586070378622,
    "best_metrics": {
        "val_loss": 0.2803209145863851,
        "val_cindex": 0.6244586070378622
    }
}