{
    "split": "ct_missing",
    "best_monitor_metric": 0.5694821655750275,
    "best_metrics": {
        "val_loss": 0.13603615164756774,
        "val_cindex": 0.5694821655750275
    }
}