{
    "split": "histo_missing",
    "best_monitor_metric": 0.609536341826121,
    "best_metrics": {
        "val_loss": 0.18414123058319093,
        "val_cindex": 0.609536341826121
    }
}