{
    "split": "mixed_missing",
    "best_monitor_metric": 0.6333859364191691,
    "best_metrics": {
        "val_loss": 0.1704105536142985,
        "val_cindex": 0.6333859364191691
    }
}