{
    "split": "histo_missing",
    "best_monitor_metric": 0.845572034517924,
    "best_metrics": {
        "val_loss": 0.05029783671100934,
        "val_cindex": 0.845572034517924
    }
}