{
    "split": "ct_missing",
    "best_monitor_metric": 0.7642119487126668,
    "best_metrics": {
        "val_loss": 0.23775052974621455,
        "val_cindex": 0.7642119487126668
    }
}
