{
    "split": "ct_missing",
    "best_monitor_metric": 0.5486499408880869,
    "best_metrics": {
        "val_loss": 1.0590588554739953,
        "val_cindex": 0.5486499408880869
    }
}