{
    "split": "mixed_missing",
    "best_monitor_metric": 0.5438241382439931,
    "best_metrics": {
        "val_loss": 0.30524213910102843,
        "val_cindex": 0.5438241382439931
    }
}