{
    "split": "mixed_missing",
    "best_monitor_metric": 0.8702718615531921,
    "best_metrics": {
        "val_loss": 0.24125120043754578,
        "val_cindex": 0.8702718615531921
    }
}