{
    "split": "ct_missing",
    "best_monitor_metric": 0.8974358717600505,
    "best_metrics": {
        "val_loss": 0.235243558883667,
        "val_cindex": 0.8974358717600505
    }
}