{
    "split": "mixed_missing",
    "best_monitor_metric": 0.7400696674982706,
    "best_metrics": {
        "val_loss": 0.1493507335583369,
        "val_cindex": 0.7400696674982706
    }
}