{
    "split": "ct_missing",
    "best_monitor_metric": 0.736490273475647,
    "best_metrics": {
        "val_loss": 0.15011861821015676,
        "val_cindex": 0.736490273475647
    }
}