{
    "split": "mixed_missing",
    "best_monitor_metric": 0.7559580206871033,
    "best_metrics": {
        "val_loss": 0.18484861652056375,
        "val_cindex": 0.7559580206871033
    }
}