{
    "split": "ct_missing",
    "best_monitor_metric": 0.7609747290611267,
    "best_metrics": {
        "val_loss": 0.18086056808630627,
        "val_cindex": 0.7609747290611267
    }
}