{
    "split": "histo_missing",
    "best_monitor_metric": 0.8018181840578715,
    "best_metrics": {
        "val_loss": 0.0,
        "val_cindex": 0.8018181840578715
    }
}