{
    "split": "histo_missing",
    "best_monitor_metric": 0.5687162399291992,
    "best_metrics": {
        "val_loss": 0.4666913737853368,
        "val_cindex": 0.5687162399291992
    }
}