{
    "split": "mixed_missing",
    "best_monitor_metric": 0.5355206986268362,
    "best_metrics": {
        "val_loss": 0.4790541370709737,
        "val_cindex": 0.5355206986268362
    }
}