{
    "split": "ct_missing",
    "best_monitor_metric": 0.5798710683981577,
    "best_metrics": {
        "val_loss": 0.4646833082040151,
        "val_cindex": 0.5798710683981577
    }
}