{
    "split": "ct_missing",
    "best_monitor_metric": 0.562208910783132,
    "best_metrics": {
        "val_loss": 0.11175496578216552,
        "val_cindex": 0.562208910783132
    }
}