{
    "split": "mixed_missing",
    "best_monitor_metric": 0.5684203724066417,
    "best_metrics": {
        "val_loss": 0.06263968414730496,
        "val_cindex": 0.5684203724066417
    }
}