{
    "split": "mixed_missing",
    "best_monitor_metric": 0.7826632062594095,
    "best_metrics": {
        "val_loss": 0.07506794581810633,
        "val_cindex": 0.7826632062594095
    }
}