{
    "split": "ct_missing",
    "best_monitor_metric": 0.7639540473620097,
    "best_metrics": {
        "val_loss": 0.07632373372713724,
        "val_cindex": 0.7639540473620097
    }
}