{
    "split": "histo_missing",
    "best_monitor_metric": 0.826927649974823,
    "best_metrics": {
        "val_loss": 0.04827974736690521,
        "val_cindex": 0.826927649974823
    }
}