{
    "split": "mixed_missing",
    "best_monitor_metric": 0.6291858891646067,
    "best_metrics": {
        "val_loss": 0.280013086895148,
        "val_cindex": 0.6291858891646067
    }
}