{
    "split": "histo_missing",
    "best_monitor_metric": 0.6514434734980266,
    "best_metrics": {
        "val_loss": 0.2802783437073231,
        "val_cindex": 0.6514434734980266
    }
}