{
    "split": "mixed_missing",
    "best_monitor_metric": 0.7620296279589335,
    "best_metrics": {
        "val_loss": 0.4498714377482732,
        "val_cindex": 0.7620296279589335
    }
}