{
    "split": "histo_missing",
    "best_monitor_metric": 0.7560869495073954,
    "best_metrics": {
        "val_loss": 0.4019376267989477,
        "val_cindex": 0.7560869495073954
    }
}
