{
    "split": "mixed_missing",
    "best_monitor_metric": 0.5415179053942363,
    "best_metrics": {
        "val_loss": 0.714241623878479,
        "val_cindex": 0.5415179053942363
    }
}