{
    "split": "histo_missing",
    "best_monitor_metric": 0.6254966855049133,
    "best_metrics": {
        "val_loss": 0.058751279115676895,
        "val_cindex": 0.6254966855049133
    }
}