{
    "split": "ct_missing",
    "best_monitor_metric": 0.744522750377655,
    "best_metrics": {
        "val_loss": 2.3722232096725038,
        "val_cindex": 0.744522750377655
    }
}