{
    "split": "ct_missing",
    "best_monitor_metric": 0.7230303088823954,
    "best_metrics": {
        "val_loss": 0.0,
        "val_cindex": 0.7230303088823954
    }
}