{
    "split": "histo_missing",
    "best_monitor_metric": 0.6047510186831156,
    "best_metrics": {
        "val_loss": 1.4648109118143717,
        "val_cindex": 0.6047510186831156
    }
}