{
    "split": "ct_missing",
    "best_monitor_metric": 0.683268690109253,
    "best_metrics": {
        "val_loss": 0.14986883302529652,
        "val_cindex": 0.683268690109253
    }
}