{
    "split": "histo_missing",
    "best_monitor_metric": 0.6255638082822164,
    "best_metrics": {
        "val_loss": 0.35053024556901724,
        "val_cindex": 0.6255638082822164
    }
}