{
    "split": "mixed_missing",
    "best_monitor_metric": 0.5870197713375092,
    "best_metrics": {
        "val_loss": 0.43131260871887206,
        "val_cindex": 0.5870197713375092
    }
}