{
    "split": "histo_missing",
    "best_monitor_metric": 0.7021236022313436,
    "best_metrics": {
        "val_loss": 0.14875173370043437,
        "val_cindex": 0.7021236022313436
    }
}