{
    "split": "ct_missing",
    "best_monitor_metric": 0.6977100451787313,
    "best_metrics": {
        "val_loss": 0.1498688727617264,
        "val_cindex": 0.6977100451787313
    }
}