{
    "split": "mixed_missing",
    "best_monitor_metric": 0.6961092591285706,
    "best_metrics": {
        "val_loss": 0.1532398541768392,
        "val_cindex": 0.6961092591285706
    }
}