{
    "split": "mixed_missing",
    "best_monitor_metric": 0.6264561116695404,
    "best_metrics": {
        "val_loss": 0.16869557797908782,
        "val_cindex": 0.6264561116695404
    }
}