{
    "split": "ct_missing",
    "best_monitor_metric": 0.8196538329124451,
    "best_metrics": {
        "val_loss": 0.6230591009060542,
        "val_cindex": 0.8196538329124451
    }
}