{
    "split": "mixed_missing",
    "best_monitor_metric": 0.850429383913676,
    "best_metrics": {
        "val_loss": 0.8194580852985383,
        "val_cindex": 0.850429383913676
    }
}