{
    "split": "ct_missing",
    "best_monitor_metric": 0.6168422857920329,
    "best_metrics": {
        "val_loss": 0.07498904863993326,
        "val_cindex": 0.6168422857920329
    }
}