{
    "split": "ct_missing",
    "best_monitor_metric": 0.6924980441729228,
    "best_metrics": {
        "val_loss": 0.12089117914438248,
        "val_cindex": 0.6924980441729228
    }
}