{
    "split": "mixed_missing",
    "best_monitor_metric": 0.6625023245811462,
    "best_metrics": {
        "val_loss": 0.1471252332131068,
        "val_cindex": 0.6625023245811462
    }
}