{
    "fold_results": [
        {
            "fold": 0,
            "num_train_samples": 74,
            "best_monitor_values": {
                "ct_missing": 0.6018329203128815,
                "histo_missing": 0.6201962808767955,
                "mixed_missing": 0.6012331902980804
            },
            "best_metrics_per_split": {
                "ct_missing": {
                    "val_loss": 0.15244196156660716,
                    "val_cindex": 0.6018329203128815
                },
                "histo_missing": {
                    "val_loss": 0.16930377781391143,
                    "val_cindex": 0.6201962808767955
                },
                "mixed_missing": {
                    "val_loss": 0.16933263738950094,
                    "val_cindex": 0.6012331902980804
                }
            }
        },
        {
            "fold": 1,
            "num_train_samples": 69,
            "best_monitor_values": {
                "ct_missing": 0.7324282129605612,
                "histo_missing": 0.7913245717684428,
                "mixed_missing": 0.7375517884890238
            },
            "best_metrics_per_split": {
                "ct_missing": {
                    "val_loss": 0.21272070109844207,
                    "val_cindex": 0.7324282129605612
                },
                "histo_missing": {
                    "val_loss": 0.09341972569624583,
                    "val_cindex": 0.7913245717684428
                },
                "mixed_missing": {
                    "val_loss": 0.23606636027495068,
                    "val_cindex": 0.7375517884890238
                }
            }
        },
        {
            "fold": 2,
            "num_train_samples": 63,
            "best_monitor_values": {
                "ct_missing": 0.6568794012069702,
                "histo_missing": 0.7279205958048502,
                "mixed_missing": 0.6793353835741679
            },
            "best_metrics_per_split": {
                "ct_missing": {
                    "val_loss": 0.5849467545747757,
                    "val_cindex": 0.6568794012069702
                },
                "histo_missing": {
                    "val_loss": 0.4175214538971583,
                    "val_cindex": 0.7279205958048502
                },
                "mixed_missing": {
                    "val_loss": 0.4043972651163737,
                    "val_cindex": 0.6793353835741679
                }
            }
        },
        {
            "fold": 3,
            "num_train_samples": 66,
            "best_monitor_values": {
                "ct_missing": 0.542265937725703,
                "histo_missing": 0.613849405447642,
                "mixed_missing": 0.5627598981062572
            },
            "best_metrics_per_split": {
                "ct_missing": {
                    "val_loss": 0.0443278136352698,
                    "val_cindex": 0.542265937725703
                },
                "histo_missing": {
                    "val_loss": 0.043657403190930685,
                    "val_cindex": 0.613849405447642
                },
                "mixed_missing": {
                    "val_loss": 0.05354550605018934,
                    "val_cindex": 0.5627598981062572
                }
            }
        },
        {
            "fold": 4,
            "num_train_samples": 76,
            "best_monitor_values": {
                "ct_missing": 0.6369696974754333,
                "histo_missing": 0.6951515078544617,
                "mixed_missing": 0.6587878743807475
            },
            "best_metrics_per_split": {
                "ct_missing": {
                    "val_loss": 0.0,
                    "val_cindex": 0.6369696974754333
                },
                "histo_missing": {
                    "val_loss": 0.0,
                    "val_cindex": 0.6951515078544617
                },
                "mixed_missing": {
                    "val_loss": 0.0,
                    "val_cindex": 0.6587878743807475
                }
            }
        }
    ]
}