{
    "split": "histo_missing",
    "best_monitor_metric": 0.8224222977956136,
    "best_metrics": {
        "val_loss": 0.0700644850730896,
        "val_cindex": 0.8224222977956136
    }
}