{
    "split": "ct_missing",
    "best_monitor_metric": 0.8064661939938863,
    "best_metrics": {
        "val_loss": 0.12277041872342427,
        "val_cindex": 0.8064661939938863
    }
}