{
    "split": "mixed_missing",
    "best_monitor_metric": 0.8343205173810323,
    "best_metrics": {
        "val_loss": 0.06937780976295471,
        "val_cindex": 0.8343205173810323
    }
}