{
    "split": "mixed_missing",
    "best_monitor_metric": 0.816001546382904,
    "best_metrics": {
        "val_loss": 0.048741559187571205,
        "val_cindex": 0.816001546382904
    }
}
