{
    "split": "ct_missing",
    "best_monitor_metric": 0.7731964151064555,
    "best_metrics": {
        "val_loss": 0.07186962068080902,
        "val_cindex": 0.7731964151064555
    }
}