{
    "split": "ct_missing",
    "best_monitor_metric": 0.6658585945765177,
    "best_metrics": {
        "val_loss": 0.6007062739799343,
        "val_cindex": 0.6658585945765177
    }
}
