{
    "split": "mixed_missing",
    "best_monitor_metric": 0.6315426230430603,
    "best_metrics": {
        "val_loss": 0.6271878629922867,
        "val_cindex": 0.6315426230430603
    }
}