{
    "split": "histo_missing",
    "best_monitor_metric": 0.5513769388198853,
    "best_metrics": {
        "val_loss": 0.04332170138756434,
        "val_cindex": 0.5513769388198853
    }
}