{
    "split": "mixed_missing",
    "best_monitor_metric": 0.5476466278235118,
    "best_metrics": {
        "val_loss": 0.04332199295361837,
        "val_cindex": 0.5476466278235118
    }
}