{
    "split": "ct_missing",
    "best_monitor_metric": 0.6887031475702922,
    "best_metrics": {
        "val_loss": 0.7228764745096365,
        "val_cindex": 0.6887031475702922
    }
}