{
    "split": "histo_missing",
    "best_monitor_metric": 0.7073201139767965,
    "best_metrics": {
        "val_loss": 0.6978091845909754,
        "val_cindex": 0.7073201139767965
    }
}