{
    "fold_results": [
        {
            "fold": 0,
            "num_train_samples": 61,
            "best_monitor_values": {
                "ct_missing": 0.6654502630233765,
                "histo_missing": 0.6604453921318054,
                "mixed_missing": 0.65720001856486
            },
            "best_metrics_per_split": {
                "ct_missing": {
                    "val_loss": 0.2804688806335131,
                    "val_cindex": 0.6654502630233765
                },
                "histo_missing": {
                    "val_loss": 0.3343950475255648,
                    "val_cindex": 0.6604453921318054
                },
                "mixed_missing": {
                    "val_loss": 0.2804657523830732,
                    "val_cindex": 0.65720001856486
                }
            }
        },
        {
            "fold": 1,
            "num_train_samples": 65,
            "best_monitor_values": {
                "ct_missing": 0.6279614706834157,
                "histo_missing": 0.6109524488449096,
                "mixed_missing": 0.611591653029124
            },
            "best_metrics_per_split": {
                "ct_missing": {
                    "val_loss": 0.1549899329741796,
                    "val_cindex": 0.6279614706834157
                },
                "histo_missing": {
                    "val_loss": 0.13800444503625234,
                    "val_cindex": 0.6109524488449096
                },
                "mixed_missing": {
                    "val_loss": 0.143872994184494,
                    "val_cindex": 0.611591653029124
                }
            }
        },
        {
            "fold": 2,
            "num_train_samples": 59,
            "best_monitor_values": {
                "ct_missing": 0.6845996419588725,
                "histo_missing": 0.6704641660054524,
                "mixed_missing": 0.6570337096850077
            },
            "best_metrics_per_split": {
                "ct_missing": {
                    "val_loss": 0.1603073646624883,
                    "val_cindex": 0.6845996419588725
                },
                "histo_missing": {
                    "val_loss": 0.16028338372707368,
                    "val_cindex": 0.6704641660054524
                },
                "mixed_missing": {
                    "val_loss": 0.16066599190235137,
                    "val_cindex": 0.6570337096850077
                }
            }
        },
        {
            "fold": 3,
            "num_train_samples": 64,
            "best_monitor_values": {
                "ct_missing": 0.6373392661412557,
                "histo_missing": 0.6580172300338745,
                "mixed_missing": 0.5791950861612956
            },
            "best_metrics_per_split": {
                "ct_missing": {
                    "val_loss": 0.2594343846042951,
                    "val_cindex": 0.6373392661412557
                },
                "histo_missing": {
                    "val_loss": 0.30659387906392416,
                    "val_cindex": 0.6580172300338745
                },
                "mixed_missing": {
                    "val_loss": 0.2593063255151113,
                    "val_cindex": 0.5791950861612956
                }
            }
        }
    ]
}