{
    "split": "histo_missing",
    "best_monitor_metric": 0.6346412420272827,
    "best_metrics": {
        "val_loss": 0.16899774372577667,
        "val_cindex": 0.6346412420272827
    }
}