{
    "split": "mixed_missing",
    "best_monitor_metric": 0.6035025854905446,
    "best_metrics": {
        "val_loss": 0.16896326045195262,
        "val_cindex": 0.6035025854905446
    }
}