{
    "split": "ct_missing",
    "best_monitor_metric": 0.5887213687102,
    "best_metrics": {
        "val_loss": 0.057611086716254555,
        "val_cindex": 0.5887213687102
    }
}
