{
    "split": "ct_missing",
    "best_monitor_metric": 0.6875353972117106,
    "best_metrics": {
        "val_loss": 0.23421232004960377,
        "val_cindex": 0.6875353972117106
    }
}