{
    "split": "histo_missing",
    "best_monitor_metric": 0.9591111302375793,
    "best_metrics": {
        "val_loss": 0.2352432280778885,
        "val_cindex": 0.9591111302375793
    }
}