{
    "split": "ct_missing",
    "best_monitor_metric": 0.6983989040056865,
    "best_metrics": {
        "val_loss": 0.16030933658281962,
        "val_cindex": 0.6983989040056865
    }
}