{
    "split": "mixed_missing",
    "best_monitor_metric": 0.6459729373455048,
    "best_metrics": {
        "val_loss": 0.15964031219482422,
        "val_cindex": 0.6459729373455048
    }
}