{
    "split": "mixed_missing",
    "best_monitor_metric": 0.6012331902980804,
    "best_metrics": {
        "val_loss": 0.16933263738950094,
        "val_cindex": 0.6012331902980804
    }
}