{
    "split": "ct_missing",
    "best_monitor_metric": 0.6018329203128815,
    "best_metrics": {
        "val_loss": 0.15244196156660716,
        "val_cindex": 0.6018329203128815
    }
}