{
    "split": "histo_missing",
    "best_monitor_metric": 0.6201962808767955,
    "best_metrics": {
        "val_loss": 0.16930377781391143,
        "val_cindex": 0.6201962808767955
    }
}