{
    "split": "histo_missing",
    "best_monitor_metric": 0.6194122632344564,
    "best_metrics": {
        "val_loss": 0.05777281853887771,
        "val_cindex": 0.6194122632344564
    }
}