{
    "split": "mixed_missing",
    "best_monitor_metric": 0.5768623987833659,
    "best_metrics": {
        "val_loss": 0.05828485422664219,
        "val_cindex": 0.5768623987833659
    }
}