{
    "split": "ct_missing",
    "best_monitor_metric": 0.6221684773763021,
    "best_metrics": {
        "val_loss": 0.05776545074250962,
        "val_cindex": 0.6221684773763021
    }
}