{
    "split": "mixed_missing",
    "best_monitor_metric": 0.5144154965877533,
    "best_metrics": {
        "val_loss": 0.4142155597607295,
        "val_cindex": 0.5144154965877533
    }
}