{
    "split": "ct_missing",
    "best_monitor_metric": 0.4922845462958018,
    "best_metrics": {
        "val_loss": 0.4143549472093582,
        "val_cindex": 0.4922845462958018
    }
}