{
    "split": "histo_missing",
    "best_monitor_metric": 0.7198192636171977,
    "best_metrics": {
        "val_loss": 0.2566859185695648,
        "val_cindex": 0.7198192636171977
    }
}