{
    "split": "mixed_missing",
    "best_monitor_metric": 0.6566132346789042,
    "best_metrics": {
        "val_loss": 0.2581826776266098,
        "val_cindex": 0.6566132346789042
    }
}