{
    "split": "mixed_missing",
    "best_monitor_metric": 0.7514018257459004,
    "best_metrics": {
        "val_loss": NaN,
        "val_cindex": 0.7514018257459004
    }
}
