{
    "split": "histo_missing",
    "best_monitor_metric": 0.7976820707321167,
    "best_metrics": {
        "val_loss": 0.12744417190606327,
        "val_cindex": 0.7976820707321167
    }
}