{
    "split": "ct_missing",
    "best_monitor_metric": 0.7277392109235128,
    "best_metrics": {
        "val_loss": 0.9992123693227768,
        "val_cindex": 0.7277392109235128
    }
}
