{
    "split": "ct_missing",
    "best_monitor_metric": 0.6781322320302328,
    "best_metrics": {
        "val_loss": 0.2352419932683309,
        "val_cindex": 0.6781322320302328
    }
}