{
    "split": "mixed_missing",
    "best_monitor_metric": 0.6826349655787151,
    "best_metrics": {
        "val_loss": 0.2352427343527476,
        "val_cindex": 0.6826349655787151
    }
}