{
    "split": "mixed_missing",
    "best_monitor_metric": 0.7982541759808858,
    "best_metrics": {
        "val_loss": 0.2657056073347727,
        "val_cindex": 0.7982541759808858
    }
}