{
    "split": "histo_missing",
    "best_monitor_metric": 0.802680762608846,
    "best_metrics": {
        "val_loss": 0.20273010929425558,
        "val_cindex": 0.802680762608846
    }
}