{
    "split": "ct_missing",
    "best_monitor_metric": 0.7585119684537251,
    "best_metrics": {
        "val_loss": 0.38328380982081095,
        "val_cindex": 0.7585119684537251
    }
}