{
    "split": "ct_missing",
    "best_monitor_metric": 0.6865921020507812,
    "best_metrics": {
        "val_loss": 0.86737593015035,
        "val_cindex": 0.6865921020507812
    }
}
