{
    "split": "histo_missing",
    "best_monitor_metric": 0.7348799546559651,
    "best_metrics": {
        "val_loss": 0.12675875425338745,
        "val_cindex": 0.7348799546559651
    }
}
