{
    "split": "ct_missing",
    "best_monitor_metric": 0.7030083696047466,
    "best_metrics": {
        "val_loss": 0.3060426443815231,
        "val_cindex": 0.7030083696047466
    }
}