{
    "split": "histo_missing",
    "best_monitor_metric": 0.7233967979749044,
    "best_metrics": {
        "val_loss": 0.3323703229427338,
        "val_cindex": 0.7233967979749044
    }
}
