{
    "split": "mixed_missing",
    "best_monitor_metric": 0.6965799490610759,
    "best_metrics": {
        "val_loss": 0.29690073629220326,
        "val_cindex": 0.6965799490610759
    }
}