{
    "split": "mixed_missing",
    "best_monitor_metric": 0.5445499916871389,
    "best_metrics": {
        "val_loss": 0.35558437771267365,
        "val_cindex": 0.5445499916871389
    }
}