{
    "split": "mixed_missing",
    "best_monitor_metric": 0.6143982768058777,
    "best_metrics": {
        "val_loss": 0.14980603456497193,
        "val_cindex": 0.6143982768058777
    }
}