{
    "split": "histo_missing",
    "best_monitor_metric": 0.6287786960601807,
    "best_metrics": {
        "val_loss": 0.14977306922276815,
        "val_cindex": 0.6287786960601807
    }
}