{
    "split": "histo_missing",
    "best_monitor_metric": 0.6653005043665569,
    "best_metrics": {
        "val_loss": 0.04393380681673686,
        "val_cindex": 0.6653005043665569
    }
}
