{
    "split": "mixed_missing",
    "best_monitor_metric": 0.5914734601974487,
    "best_metrics": {
        "val_loss": 0.07649520370695327,
        "val_cindex": 0.5914734601974487
    }
}