{
    "split": "ct_missing",
    "best_monitor_metric": 0.6055542429288229,
    "best_metrics": {
        "val_loss": 0.06450504395696852,
        "val_cindex": 0.6055542429288229
    }
}