{
    "split": "histo_missing",
    "best_monitor_metric": 0.6707643747329712,
    "best_metrics": {
        "val_loss": 0.057898058825069,
        "val_cindex": 0.6707643747329712
    }
}