{
    "split": "mixed_missing",
    "best_monitor_metric": 0.5848760863145193,
    "best_metrics": {
        "val_loss": 0.43583128253618875,
        "val_cindex": 0.5848760863145193
    }
}