{
    "split": "histo_missing",
    "best_monitor_metric": 0.5726700901985169,
    "best_metrics": {
        "val_loss": 0.4227865904569626,
        "val_cindex": 0.5726700901985169
    }
}