{
    "split": "mixed_missing",
    "best_monitor_metric": 0.5818379660447438,
    "best_metrics": {
        "val_loss": 0.16920169393221537,
        "val_cindex": 0.5818379660447438
    }
}