{
    "split": "histo_missing",
    "best_monitor_metric": 0.6279043118158977,
    "best_metrics": {
        "val_loss": 0.16953601042429606,
        "val_cindex": 0.6279043118158977
    }
}