{
    "split": "histo_missing",
    "best_monitor_metric": 0.6495252251625061,
    "best_metrics": {
        "val_loss": 0.23550342520078024,
        "val_cindex": 0.6495252251625061
    }
}