{
    "split": "mixed_missing",
    "best_monitor_metric": 0.6414787928263347,
    "best_metrics": {
        "val_loss": 0.23521796762943267,
        "val_cindex": 0.6414787928263347
    }
}