{
    "split": "ct_missing",
    "best_monitor_metric": 0.6590966622034709,
    "best_metrics": {
        "val_loss": 0.16901850402355195,
        "val_cindex": 0.6590966622034709
    }
}