{
    "split": "mixed_missing",
    "best_monitor_metric": 0.6600168347358704,
    "best_metrics": {
        "val_loss": 0.15462276885906856,
        "val_cindex": 0.6600168347358704
    }
}