{
    "split": "mixed_missing",
    "best_monitor_metric": 0.6382873733838399,
    "best_metrics": {
        "val_loss": 0.4690292378266652,
        "val_cindex": 0.6382873733838399
    }
}
