{
    "split": "ct_missing",
    "best_monitor_metric": 0.6303720911343892,
    "best_metrics": {
        "val_loss": 0.609204105536143,
        "val_cindex": 0.6303720911343892
    }
}