{
    "split": "histo_missing",
    "best_monitor_metric": 0.6501919309298198,
    "best_metrics": {
        "val_loss": 0.14968062738577526,
        "val_cindex": 0.6501919309298198
    }
}