{
    "split": "histo_missing",
    "best_monitor_metric": 0.6290921489397685,
    "best_metrics": {
        "val_loss": 0.288755198319753,
        "val_cindex": 0.6290921489397685
    }
}