{
    "split": "mixed_missing",
    "best_monitor_metric": 0.6545309742291768,
    "best_metrics": {
        "val_loss": 0.29508669351538025,
        "val_cindex": 0.6545309742291768
    }
}