{
    "split": "histo_missing",
    "best_monitor_metric": 0.5510198066631953,
    "best_metrics": {
        "val_loss": 0.16903445323308308,
        "val_cindex": 0.5510198066631953
    }
}