{
    "split": "ct_missing",
    "best_monitor_metric": 0.5496230125427246,
    "best_metrics": {
        "val_loss": 0.1690116862456004,
        "val_cindex": 0.5496230125427246
    }
}