{
    "split": "mixed_missing",
    "best_monitor_metric": 0.5271370184918245,
    "best_metrics": {
        "val_loss": 0.1692062646150589,
        "val_cindex": 0.5271370184918245
    }
}