{
    "split": "histo_missing",
    "best_monitor_metric": 0.7950121839841207,
    "best_metrics": {
        "val_loss": 0.11551568706830342,
        "val_cindex": 0.7950121839841207
    }
}