{
    "split": "mixed_missing",
    "best_monitor_metric": 0.7879659573237101,
    "best_metrics": {
        "val_loss": 0.08652591904004416,
        "val_cindex": 0.7879659573237101
    }
}