{
    "split": "ct_missing",
    "best_monitor_metric": 0.6369696974754333,
    "best_metrics": {
        "val_loss": 0.0,
        "val_cindex": 0.6369696974754333
    }
}