{
    "split": "mixed_missing",
    "best_monitor_metric": 0.6906696319580078,
    "best_metrics": {
        "val_loss": 0.1586252123117447,
        "val_cindex": 0.6906696319580078
    }
}