{
    "split": "ct_missing",
    "best_monitor_metric": 0.6651703794797261,
    "best_metrics": {
        "val_loss": 0.04332170784473419,
        "val_cindex": 0.6651703794797261
    }
}