{
    "split": "mixed_missing",
    "best_monitor_metric": 0.6518872539202373,
    "best_metrics": {
        "val_loss": 0.043321713556845984,
        "val_cindex": 0.6518872539202373
    }
}