{
    "split": "histo_missing",
    "best_monitor_metric": 0.6513168215751648,
    "best_metrics": {
        "val_loss": 0.043321700394153596,
        "val_cindex": 0.6513168215751648
    }
}