{
    "split": "histo_missing",
    "best_monitor_metric": 0.6828104416529338,
    "best_metrics": {
        "val_loss": 0.14986346264680225,
        "val_cindex": 0.6828104416529338
    }
}