{
    "split": "mixed_missing",
    "best_monitor_metric": 0.6843851606051127,
    "best_metrics": {
        "val_loss": 0.14984911680221558,
        "val_cindex": 0.6843851606051127
    }
}