{
    "split": "ct_missing",
    "best_monitor_metric": 0.7228832999865215,
    "best_metrics": {
        "val_loss": 0.149864998459816,
        "val_cindex": 0.7228832999865215
    }
}