{
    "split": "ct_missing",
    "best_monitor_metric": 0.7407582998275757,
    "best_metrics": {
        "val_loss": 1.039768109470606,
        "val_cindex": 0.7407582998275757
    }
}
