{
    "split": "histo_missing",
    "best_monitor_metric": 0.7590423027674357,
    "best_metrics": {
        "val_loss": 0.21688462222615879,
        "val_cindex": 0.7590423027674357
    }
}
