{
    "split": "mixed_missing",
    "best_monitor_metric": 0.6691601037979126,
    "best_metrics": {
        "val_loss": 0.28046651085217794,
        "val_cindex": 0.6691601037979126
    }
}