{
    "split": "histo_missing",
    "best_monitor_metric": 0.6575420935948689,
    "best_metrics": {
        "val_loss": 0.13967845141887664,
        "val_cindex": 0.6575420935948689
    }
}