{
    "split": "mixed_missing",
    "best_monitor_metric": 0.6438637733459472,
    "best_metrics": {
        "val_loss": 0.16857337057590485,
        "val_cindex": 0.6438637733459472
    }
}