{
    "split": "histo_missing",
    "best_monitor_metric": 0.6430613160133362,
    "best_metrics": {
        "val_loss": 0.16877082884311675,
        "val_cindex": 0.6430613160133362
    }
}