{
    "split": "ct_missing",
    "best_monitor_metric": 0.5473150889078776,
    "best_metrics": {
        "val_loss": 1.4630934609307185,
        "val_cindex": 0.5473150889078776
    }
}