{
    "split": "mixed_missing",
    "best_monitor_metric": 0.5350214640299479,
    "best_metrics": {
        "val_loss": 1.4629828479554916,
        "val_cindex": 0.5350214640299479
    }
}