{
    "split": "histo_missing",
    "best_monitor_metric": 0.9800000190734863,
    "best_metrics": {
        "val_loss": 0.235243558883667,
        "val_cindex": 0.9800000190734863
    }
}