{
    "split": "histo_missing",
    "best_monitor_metric": 0.5625758608182271,
    "best_metrics": {
        "val_loss": 0.566999951004982,
        "val_cindex": 0.5625758608182271
    }
}