{"val_F1scoreG2":0.6043956130743027,"train_G2_Acc":0.9821428571428571,"val_recallG3":0.125,"val_precisionG3":0.5,"train_F1scoreG3":0.8367346950939724,"train_recallG3":0.8214285714285714,"train_G1_Acc":0.35714285714285715,"val_precisionG2":0.5119047686457634,"train_AvgAccuracy":0.9553571428571429,"train_loss":0.29489151175533024,"val_accuracy":0.5178571492433548,"val_precisionG1":0,"val_G3_Acc":0.125,"train_precisionG1":0.35714285714285715,"train_G3_Acc":0.8214285714285714,"train_F1scoreG1":0.35714285714285715,"val_recallG1":0,"train_precisionG2":0.9464285714285714,"val_F1scoreG1":0,"val_G1_Acc":0,"val_G2_Acc":1,"_wandb":{"runtime":6134},"val_loss":1.659695416688919,"train_recallG1":0.35714285714285715,"val_F1scoreG3":0.20000000298023224,"train_F1scoreG2":0.9594928920269012,"_timestamp":1.7401974981105762e+09,"train_precisionG3":0.8571428571428571,"train_accuracy":0.9553571428571429,"val_AvgAccuracy":0.5178571492433548,"_step":99,"val_recallG2":1,"_runtime":6088.537255352,"learning_rate":1.0000000000000002e-07,"train_recallG2":0.9821428571428571}
