{
    "split": "histo_missing",
    "best_monitor_metric": 0.7072727084159851,
    "best_metrics": {
        "val_loss": 0.0,
        "val_cindex": 0.7072727084159851
    }
}