{
    "split": "ct_missing",
    "best_monitor_metric": 0.5589216709136963,
    "best_metrics": {
        "val_loss": 0.16902439097563426,
        "val_cindex": 0.5589216709136963
    }
}