{
    "split": "mixed_missing",
    "best_monitor_metric": 0.6262684404850006,
    "best_metrics": {
        "val_loss": 0.2612034559249878,
        "val_cindex": 0.6262684404850006
    }
}