{
    "split": "ct_missing",
    "best_monitor_metric": 0.6743275642395019,
    "best_metrics": {
        "val_loss": 0.25917536367972693,
        "val_cindex": 0.6743275642395019
    }
}