{
    "split": "histo_missing",
    "best_monitor_metric": 0.6276536405086517,
    "best_metrics": {
        "val_loss": 0.2594493334492048,
        "val_cindex": 0.6276536405086517
    }
}