{
    "split": "histo_missing",
    "best_monitor_metric": 0.7676456411679585,
    "best_metrics": {
        "val_loss": 0.2942987653116385,
        "val_cindex": 0.7676456411679585
    }
}