{
    "fold_results": [
        {
            "fold": 0,
            "num_train_samples": 61,
            "num_test_samples": 22,
            "best_metrics": {
                "val_cindex": 0.781862735748291,
                "val_loss": 0.12075091898441315
            }
        },
        {
            "fold": 1,
            "num_train_samples": 65,
            "num_test_samples": 18,
            "best_metrics": {
                "val_cindex": 0.73828125,
                "val_loss": 0.14957007765769958
            }
        },
        {
            "fold": 2,
            "num_train_samples": 59,
            "num_test_samples": 24,
            "best_metrics": {
                "val_cindex": 0.8861004114151001,
                "val_loss": 0.043393976986408234
            }
        },
        {
            "fold": 3,
            "num_train_samples": 64,
            "num_test_samples": 19,
            "best_metrics": {
                "val_cindex": 0.9405940771102905,
                "val_loss": 0.11943053710274398
            }
        }
    ],
    "mean_metrics": {
        "val_cindex": 0.8367096185684204,
        "val_loss": 0.10828637768281624
    },
    "std_metrics": {
        "val_cindex": 0.08051048912826045,
        "val_loss": 0.03935392175754323
    }
}