{
    "split": "ct_missing",
    "best_monitor_metric": 0.6002866148948669,
    "best_metrics": {
        "val_loss": 0.41426917910575867,
        "val_cindex": 0.6002866148948669
    }
}