{
    "split": "histo_missing",
    "best_monitor_metric": 0.5413205524285635,
    "best_metrics": {
        "val_loss": 0.4142399370670319,
        "val_cindex": 0.5413205524285635
    }
}