{
    "split": "ct_missing",
    "best_monitor_metric": 0.63744611342748,
    "best_metrics": {
        "val_loss": 0.14987228115399678,
        "val_cindex": 0.63744611342748
    }
}