{
    "split": "histo_missing",
    "best_monitor_metric": 0.6313698848088583,
    "best_metrics": {
        "val_loss": 0.14985822836558024,
        "val_cindex": 0.6313698848088583
    }
}