{
    "split": "ct_missing",
    "best_monitor_metric": 0.6880823930104574,
    "best_metrics": {
        "val_loss": 1.503868553373549,
        "val_cindex": 0.6880823930104574
    }
}