{
    "split": "ct_missing",
    "best_monitor_metric": 0.4919631898403168,
    "best_metrics": {
        "val_loss": 0.4163128157456716,
        "val_cindex": 0.4919631898403168
    }
}