{
    "split": "histo_missing",
    "best_monitor_metric": 0.506686133146286,
    "best_metrics": {
        "val_loss": 0.41424601475397743,
        "val_cindex": 0.506686133146286
    }
}