{
    "split": "ct_missing",
    "best_monitor_metric": 0.7139792958895366,
    "best_metrics": {
        "val_loss": 0.23378954033056895,
        "val_cindex": 0.7139792958895366
    }
}