{
    "split": "mixed_missing",
    "best_monitor_metric": 0.6569908698399861,
    "best_metrics": {
        "val_loss": 0.24787815809249877,
        "val_cindex": 0.6569908698399861
    }
}