{
    "split": "histo_missing",
    "best_monitor_metric": 0.6178234537442525,
    "best_metrics": {
        "val_loss": 0.28046575834353765,
        "val_cindex": 0.6178234537442525
    }
}