{
    "split": "mixed_missing",
    "best_monitor_metric": 0.6139878392219543,
    "best_metrics": {
        "val_loss": 0.20849111378192903,
        "val_cindex": 0.6139878392219543
    }
}