{
    "split": "histo_missing",
    "best_monitor_metric": 0.6435028115908304,
    "best_metrics": {
        "val_loss": 0.16899127463499705,
        "val_cindex": 0.6435028115908304
    }
}