{
    "split": "ct_missing",
    "best_monitor_metric": 0.6280882438023885,
    "best_metrics": {
        "val_loss": 0.16899716754754385,
        "val_cindex": 0.6280882438023885
    }
}