{
    "split": "mixed_missing",
    "best_monitor_metric": 0.8607574701309204,
    "best_metrics": {
        "val_loss": 0.70974056199193,
        "val_cindex": 0.8607574701309204
    }
}