{
    "split": "ct_missing",
    "best_monitor_metric": 0.8578929821650187,
    "best_metrics": {
        "val_loss": 0.726255884145697,
        "val_cindex": 0.8578929821650187
    }
}