{
    "split": "mixed_missing",
    "best_monitor_metric": 0.6285620252291362,
    "best_metrics": {
        "val_loss": 0.7313493335413114,
        "val_cindex": 0.6285620252291362
    }
}