{
    "split": "histo_missing",
    "best_monitor_metric": 0.6617928624153138,
    "best_metrics": {
        "val_loss": 0.29208387186129886,
        "val_cindex": 0.6617928624153138
    }
}