{
    "split": "histo_missing",
    "best_monitor_metric": 0.6645903388659159,
    "best_metrics": {
        "val_loss": 0.0,
        "val_cindex": 0.6645903388659159
    }
}