{
    "split": "ct_missing",
    "best_monitor_metric": 0.6709090789159139,
    "best_metrics": {
        "val_loss": 0.0,
        "val_cindex": 0.6709090789159139
    }
}