{
    "split": "mixed_missing",
    "best_monitor_metric": 0.6721381902694702,
    "best_metrics": {
        "val_loss": 0.6594711949583143,
        "val_cindex": 0.6721381902694702
    }
}