{
    "split": "histo_missing",
    "best_monitor_metric": 0.8345243016878764,
    "best_metrics": {
        "val_loss": 0.04654155522584915,
        "val_cindex": 0.8345243016878764
    }
}
