{
    "split": "ct_missing",
    "best_monitor_metric": 0.7610071102778116,
    "best_metrics": {
        "val_loss": 0.11647187421719234,
        "val_cindex": 0.7610071102778116
    }
}