{
    "split": "mixed_missing",
    "best_monitor_metric": 0.7817466537157695,
    "best_metrics": {
        "val_loss": 0.0803564245502154,
        "val_cindex": 0.7817466537157695
    }
}
