{
    "split": "ct_missing",
    "best_monitor_metric": 0.7210733532905579,
    "best_metrics": {
        "val_loss": 0.2594364856680234,
        "val_cindex": 0.7210733532905579
    }
}