{
    "split": "mixed_missing",
    "best_monitor_metric": 0.70755375623703,
    "best_metrics": {
        "val_loss": 0.25969599137703575,
        "val_cindex": 0.70755375623703
    }
}