{
    "split": "ct_missing",
    "best_monitor_metric": 0.643338950475057,
    "best_metrics": {
        "val_loss": 0.2793730030457179,
        "val_cindex": 0.643338950475057
    }
}