{
    "split": "histo_missing",
    "best_monitor_metric": 0.6443122307459513,
    "best_metrics": {
        "val_loss": 0.2804656927784284,
        "val_cindex": 0.6443122307459513
    }
}