{
    "split": "mixed_missing",
    "best_monitor_metric": 0.6417487581570943,
    "best_metrics": {
        "val_loss": 0.28046580056349435,
        "val_cindex": 0.6417487581570943
    }
}