{
    "split": "histo_missing",
    "best_monitor_metric": 0.9076716144879658,
    "best_metrics": {
        "val_loss": 0.2593964159488678,
        "val_cindex": 0.9076716144879658
    }
}