{
    "split": "histo_missing",
    "best_monitor_metric": 0.5581074357032776,
    "best_metrics": {
        "val_loss": 0.41420334776242573,
        "val_cindex": 0.5581074357032776
    }
}