{
    "split": "mixed_missing",
    "best_monitor_metric": 0.5493103663126627,
    "best_metrics": {
        "val_loss": 0.043625958263874054,
        "val_cindex": 0.5493103663126627
    }
}