{
    "split": "histo_missing",
    "best_monitor_metric": 0.578375510374705,
    "best_metrics": {
        "val_loss": 0.04365305105845133,
        "val_cindex": 0.578375510374705
    }
}