{
    "split": "histo_missing",
    "best_monitor_metric": 0.7287120819091797,
    "best_metrics": {
        "val_loss": 1.3114578326543171,
        "val_cindex": 0.7287120819091797
    }
}