{
    "split": "mixed_missing",
    "best_monitor_metric": 0.6743828694025675,
    "best_metrics": {
        "val_loss": 2.5412285044789313,
        "val_cindex": 0.6743828694025675
    }
}