{
    "split": "ct_missing",
    "best_monitor_metric": 0.7442581256230673,
    "best_metrics": {
        "val_loss": 0.32386378248532616,
        "val_cindex": 0.7442581256230673
    }
}