{
    "split": "histo_missing",
    "best_monitor_metric": 0.7734118700027466,
    "best_metrics": {
        "val_loss": 0.08354679544766744,
        "val_cindex": 0.7734118700027466
    }
}