{
    "split": "mixed_missing",
    "best_monitor_metric": 0.7089358607927958,
    "best_metrics": {
        "val_loss": 0.5329806546370188,
        "val_cindex": 0.7089358607927958
    }
}