{
    "split": "ct_missing",
    "best_monitor_metric": 0.6385468165079753,
    "best_metrics": {
        "val_loss": 0.556606795390447,
        "val_cindex": 0.6385468165079753
    }
}
