{
    "split": "histo_missing",
    "best_monitor_metric": 0.9234252015749613,
    "best_metrics": {
        "val_loss": 0.4396314223607381,
        "val_cindex": 0.9234252015749613
    }
}