{
    "split": "mixed_missing",
    "best_monitor_metric": 0.7529845913251241,
    "best_metrics": {
        "val_loss": 0.16030928095181782,
        "val_cindex": 0.7529845913251241
    }
}