{
    "fold_results": [
        {
            "fold": 0,
            "num_train_samples": 61,
            "num_test_samples": 22,
            "best_metrics": {
                "val_cindex": 0.7153846025466919,
                "val_loss": 0.28017958253622055
            }
        },
        {
            "fold": 1,
            "num_train_samples": 65,
            "num_test_samples": 18,
            "best_metrics": {
                "val_cindex": 0.75,
                "val_loss": 0.14985495805740356
            }
        },
        {
            "fold": 2,
            "num_train_samples": 59,
            "num_test_samples": 24,
            "best_metrics": {
                "val_cindex": 0.7958333492279053,
                "val_loss": 0.16030846536159515
            }
        },
        {
            "fold": 3,
            "num_train_samples": 64,
            "num_test_samples": 19,
            "best_metrics": {
                "val_cindex": 0.7945736646652222,
                "val_loss": 0.2594013065099716
            }
        }
    ],
    "mean_metrics": {
        "val_cindex": 0.7639479041099548,
        "val_loss": 0.21243607811629772
    },
    "std_metrics": {
        "val_cindex": 0.03356917152590792,
        "val_loss": 0.057940917468771606
    }
}