{
    "split": "mixed_missing",
    "best_monitor_metric": 0.6549362738927206,
    "best_metrics": {
        "val_loss": 0.2595700114965439,
        "val_cindex": 0.6549362738927206
    }
}