{
    "split": "histo_missing",
    "best_monitor_metric": 0.6858123381932576,
    "best_metrics": {
        "val_loss": 0.2589683935046196,
        "val_cindex": 0.6858123381932576
    }
}