{
    "split": "mixed_missing",
    "best_monitor_metric": 0.6594398578008016,
    "best_metrics": {
        "val_loss": 0.28053874224424363,
        "val_cindex": 0.6594398578008016
    }
}