{
    "split": "histo_missing",
    "best_monitor_metric": 0.5691305796305338,
    "best_metrics": {
        "val_loss": 0.16322594384352365,
        "val_cindex": 0.5691305796305338
    }
}