{
    "split": "mixed_missing",
    "best_monitor_metric": 0.5464677492777507,
    "best_metrics": {
        "val_loss": 0.15488251795371374,
        "val_cindex": 0.5464677492777507
    }
}
