{
    "split": "histo_missing",
    "best_monitor_metric": 0.6075802008310954,
    "best_metrics": {
        "val_loss": 1.2149563365512426,
        "val_cindex": 0.6075802008310954
    }
}