{
    "split": "mixed_missing",
    "best_monitor_metric": 0.6366526067256928,
    "best_metrics": {
        "val_loss": 0.28135220309098563,
        "val_cindex": 0.6366526067256928
    }
}