{
    "split": "ct_missing",
    "best_monitor_metric": 0.8161997437477112,
    "best_metrics": {
        "val_loss": 0.3853440244992574,
        "val_cindex": 0.8161997437477112
    }
}