{
    "split": "mixed_missing",
    "best_monitor_metric": 0.6672727425893148,
    "best_metrics": {
        "val_loss": 0.0,
        "val_cindex": 0.6672727425893148
    }
}