{
    "split": "mixed_missing",
    "best_monitor_metric": 0.7941498319307964,
    "best_metrics": {
        "val_loss": 0.16957558939854303,
        "val_cindex": 0.7941498319307964
    }
}