{
    "split": "ct_missing",
    "best_monitor_metric": 0.7972542405128479,
    "best_metrics": {
        "val_loss": 0.3792947287360827,
        "val_cindex": 0.7972542405128479
    }
}