{
    "split": "histo_missing",
    "best_monitor_metric": 0.6944496591885885,
    "best_metrics": {
        "val_loss": 0.25875713527202604,
        "val_cindex": 0.6944496591885885
    }
}