{
    "split": "ct_missing",
    "best_monitor_metric": 0.7857142686843872,
    "best_metrics": {
        "val_loss": 0.16030933260917662,
        "val_cindex": 0.7857142686843872
    }
}