{
    "split": "mixed_missing",
    "best_monitor_metric": 0.7562471548716228,
    "best_metrics": {
        "val_loss": 0.16030796070893605,
        "val_cindex": 0.7562471548716228
    }
}