{
    "split": "histo_missing",
    "best_monitor_metric": 0.7647136330604554,
    "best_metrics": {
        "val_loss": 0.16030918061733246,
        "val_cindex": 0.7647136330604554
    }
}