{
    "split": "histo_missing",
    "best_monitor_metric": 0.5800371487935384,
    "best_metrics": {
        "val_loss": 0.17159915566444398,
        "val_cindex": 0.5800371487935384
    }
}
