{
    "split": "mixed_missing",
    "best_monitor_metric": 0.5668907344341279,
    "best_metrics": {
        "val_loss": 0.16816088457902273,
        "val_cindex": 0.5668907344341279
    }
}