{
    "split": "mixed_missing",
    "best_monitor_metric": 0.5067457437515259,
    "best_metrics": {
        "val_loss": 0.4139446645975113,
        "val_cindex": 0.5067457437515259
    }
}