{
    "split": "histo_missing",
    "best_monitor_metric": 0.6510058164596557,
    "best_metrics": {
        "val_loss": 0.14985303779443104,
        "val_cindex": 0.6510058164596557
    }
}