{
    "split": "mixed_missing",
    "best_monitor_metric": 0.6280710677305857,
    "best_metrics": {
        "val_loss": 0.14986297190189363,
        "val_cindex": 0.6280710677305857
    }
}