{
    "split": "ct_missing",
    "best_monitor_metric": 0.7495357632637024,
    "best_metrics": {
        "val_loss": 0.2594533786177635,
        "val_cindex": 0.7495357632637024
    }
}