{
    "split": "mixed_missing",
    "best_monitor_metric": 0.6579247236251831,
    "best_metrics": {
        "val_loss": 0.280466469625632,
        "val_cindex": 0.6579247236251831
    }
}