{
    "split": "ct_missing",
    "best_monitor_metric": 0.7138190507888794,
    "best_metrics": {
        "val_loss": 0.28046624809503556,
        "val_cindex": 0.7138190507888794
    }
}