{
    "split": "mixed_missing",
    "best_monitor_metric": 0.8478174368540446,
    "best_metrics": {
        "val_loss": 0.16801552573839823,
        "val_cindex": 0.8478174368540446
    }
}