{
    "split": "ct_missing",
    "best_monitor_metric": 0.6306682328383127,
    "best_metrics": {
        "val_loss": 0.2561682070295016,
        "val_cindex": 0.6306682328383127
    }
}