{
    "split": "mixed_missing",
    "best_monitor_metric": 0.6050120631853739,
    "best_metrics": {
        "val_loss": 0.25920792371034623,
        "val_cindex": 0.6050120631853739
    }
}