{
    "split": "ct_missing",
    "best_monitor_metric": 0.7178216377894083,
    "best_metrics": {
        "val_loss": 1.20403204758962,
        "val_cindex": 0.7178216377894083
    }
}