{
    "split": "histo_missing",
    "best_monitor_metric": 0.7340939005215963,
    "best_metrics": {
        "val_loss": 0.1478426694869995,
        "val_cindex": 0.7340939005215963
    }
}