{
    "split": "mixed_missing",
    "best_monitor_metric": 0.8130848964055379,
    "best_metrics": {
        "val_loss": 0.5749654403992025,
        "val_cindex": 0.8130848964055379
    }
}