{
    "split": "histo_missing",
    "best_monitor_metric": 0.8951357324918111,
    "best_metrics": {
        "val_loss": 0.3236358576358422,
        "val_cindex": 0.8951357324918111
    }
}