{
    "split": "mixed_missing",
    "best_monitor_metric": 0.7282473762830098,
    "best_metrics": {
        "val_loss": 0.1231632538314443,
        "val_cindex": 0.7282473762830098
    }
}