{
    "split": "histo_missing",
    "best_monitor_metric": 0.7718437790870667,
    "best_metrics": {
        "val_loss": 0.3552952726682027,
        "val_cindex": 0.7718437790870667
    }
}