{
    "split": "ct_missing",
    "best_monitor_metric": 0.7680370052655537,
    "best_metrics": {
        "val_loss": 0.3630307992299398,
        "val_cindex": 0.7680370052655537
    }
}