{
    "split": "histo_missing",
    "best_monitor_metric": 0.7561971545219421,
    "best_metrics": {
        "val_loss": 0.2344482829173406,
        "val_cindex": 0.7561971545219421
    }
}
