{
    "split": "histo_missing",
    "best_monitor_metric": 0.5334033608436585,
    "best_metrics": {
        "val_loss": 0.5511805718143781,
        "val_cindex": 0.5334033608436585
    }
}