{
    "split": "ct_missing",
    "best_monitor_metric": 0.8250954588254292,
    "best_metrics": {
        "val_loss": 0.21620352963606518,
        "val_cindex": 0.8250954588254292
    }
}