{
    "split": "mixed_missing",
    "best_monitor_metric": 0.8127408226331075,
    "best_metrics": {
        "val_loss": 0.2082702745993932,
        "val_cindex": 0.8127408226331075
    }
}