{
    "split": "histo_missing",
    "best_monitor_metric": 0.7565738399823506,
    "best_metrics": {
        "val_loss": 0.7716419657071432,
        "val_cindex": 0.7565738399823506
    }
}