{
    "split": "mixed_missing",
    "best_monitor_metric": 0.7492915829022725,
    "best_metrics": {
        "val_loss": 0.20783106088638306,
        "val_cindex": 0.7492915829022725
    }
}