{
    "split": "ct_missing",
    "best_monitor_metric": 0.743410070737203,
    "best_metrics": {
        "val_loss": 0.20833997428417206,
        "val_cindex": 0.743410070737203
    }
}