{
    "split": "histo_missing",
    "best_monitor_metric": 0.6046153783798218,
    "best_metrics": {
        "val_loss": 0.12953781286875407,
        "val_cindex": 0.6046153783798218
    }
}