{
    "split": "mixed_missing",
    "best_monitor_metric": 0.6794488867123921,
    "best_metrics": {
        "val_loss": 0.09952292740345,
        "val_cindex": 0.6794488867123921
    }
}