{
    "split": "mixed_missing",
    "best_monitor_metric": 0.6057034432888031,
    "best_metrics": {
        "val_loss": 0.2597281351685524,
        "val_cindex": 0.6057034432888031
    }
}