{
    "split": "ct_missing",
    "best_monitor_metric": 0.6611134052276612,
    "best_metrics": {
        "val_loss": 0.25927282323439915,
        "val_cindex": 0.6611134052276612
    }
}