{
    "split": "histo_missing",
    "best_monitor_metric": 0.6273871183395385,
    "best_metrics": {
        "val_loss": 0.2586965814232826,
        "val_cindex": 0.6273871183395385
    }
}