{
    "split": "mixed_missing",
    "best_monitor_metric": 0.5945671737194062,
    "best_metrics": {
        "val_loss": 0.25920678426822025,
        "val_cindex": 0.5945671737194062
    }
}