{
    "split": "ct_missing",
    "best_monitor_metric": 0.6157004714012146,
    "best_metrics": {
        "val_loss": 0.25940816700458524,
        "val_cindex": 0.6157004714012146
    }
}