{
    "split": "ct_missing",
    "best_monitor_metric": 0.6195256193478902,
    "best_metrics": {
        "val_loss": 0.16901565790176393,
        "val_cindex": 0.6195256193478902
    }
}