{
    "split": "mixed_missing",
    "best_monitor_metric": 0.6051255285739898,
    "best_metrics": {
        "val_loss": 0.169017360607783,
        "val_cindex": 0.6051255285739898
    }
}