{
    "split": "mixed_missing",
    "best_monitor_metric": 0.6550022045771281,
    "best_metrics": {
        "val_loss": 0.28681496282418567,
        "val_cindex": 0.6550022045771281
    }
}