{
    "split": "ct_missing",
    "best_monitor_metric": 0.6578086137771606,
    "best_metrics": {
        "val_loss": 0.2614219608406226,
        "val_cindex": 0.6578086137771606
    }
}