{
    "split": "histo_missing",
    "best_monitor_metric": 0.6483733216921489,
    "best_metrics": {
        "val_loss": 0.2601970781882604,
        "val_cindex": 0.6483733216921489
    }
}