{
    "split": "mixed_missing",
    "best_monitor_metric": 0.7050440510114034,
    "best_metrics": {
        "val_loss": 0.2352446933587392,
        "val_cindex": 0.7050440510114034
    }
}