{
    "split": "ct_missing",
    "best_monitor_metric": 0.729159394900004,
    "best_metrics": {
        "val_loss": 0.23524389962355297,
        "val_cindex": 0.729159394900004
    }
}