{
    "split": "histo_missing",
    "best_monitor_metric": 0.7239054044087728,
    "best_metrics": {
        "val_loss": 0.23524338205655415,
        "val_cindex": 0.7239054044087728
    }
}