{
    "split": "ct_missing",
    "best_monitor_metric": 0.7392183939615885,
    "best_metrics": {
        "val_loss": 0.14965164959430693,
        "val_cindex": 0.7392183939615885
    }
}