{
    "split": "histo_missing",
    "best_monitor_metric": 0.7404931068420411,
    "best_metrics": {
        "val_loss": 0.14509230256080627,
        "val_cindex": 0.7404931068420411
    }
}