{
    "split": "histo_missing",
    "best_monitor_metric": 0.7245095888773601,
    "best_metrics": {
        "val_loss": 0.235244149963061,
        "val_cindex": 0.7245095888773601
    }
}