{
    "split": "mixed_missing",
    "best_monitor_metric": 0.8476350426673889,
    "best_metrics": {
        "val_loss": 0.26631124019622804,
        "val_cindex": 0.8476350426673889
    }
}