{
    "split": "ct_missing",
    "best_monitor_metric": 0.7324282129605612,
    "best_metrics": {
        "val_loss": 0.21272070109844207,
        "val_cindex": 0.7324282129605612
    }
}