{
    "split": "mixed_missing",
    "best_monitor_metric": 0.7375517884890238,
    "best_metrics": {
        "val_loss": 0.23606636027495068,
        "val_cindex": 0.7375517884890238
    }
}