{
    "split": "ct_missing",
    "best_monitor_metric": 0.6799247523148855,
    "best_metrics": {
        "val_loss": 0.2594333251317342,
        "val_cindex": 0.6799247523148855
    }
}