{
    "split": "histo_missing",
    "best_monitor_metric": 0.7279205958048502,
    "best_metrics": {
        "val_loss": 0.4175214538971583,
        "val_cindex": 0.7279205958048502
    }
}