{
    "split": "histo_missing",
    "best_monitor_metric": 0.659101112683614,
    "best_metrics": {
        "val_loss": 0.25946789185206093,
        "val_cindex": 0.659101112683614
    }
}