{
    "split": "mixed_missing",
    "best_monitor_metric": 0.5999647378921509,
    "best_metrics": {
        "val_loss": 0.3093064822256565,
        "val_cindex": 0.5999647378921509
    }
}