{
    "split": "ct_missing",
    "best_monitor_metric": 0.7783192753791809,
    "best_metrics": {
        "val_loss": 0.1268638769785563,
        "val_cindex": 0.7783192753791809
    }
}