{
    "split": "histo_missing",
    "best_monitor_metric": 0.5704179922739665,
    "best_metrics": {
        "val_loss": 0.14575503170490264,
        "val_cindex": 0.5704179922739665
    }
}