{
    "split": "mixed_missing",
    "best_monitor_metric": 0.5653835237026215,
    "best_metrics": {
        "val_loss": 0.1475686659415563,
        "val_cindex": 0.5653835237026215
    }
}