{
    "split": "mixed_missing",
    "best_monitor_metric": 0.6075451056162516,
    "best_metrics": {
        "val_loss": 0.36171219878726535,
        "val_cindex": 0.6075451056162516
    }
}