{
    "split": "histo_missing",
    "best_monitor_metric": 0.6241407434145609,
    "best_metrics": {
        "val_loss": 0.3491516643100315,
        "val_cindex": 0.6241407434145609
    }
}