{
    "split": "mixed_missing",
    "best_monitor_metric": 0.7303205370903015,
    "best_metrics": {
        "val_loss": 0.08601897160212199,
        "val_cindex": 0.7303205370903015
    }
}