{
    "split": "histo_missing",
    "best_monitor_metric": 0.8150622526804606,
    "best_metrics": {
        "val_loss": 0.10711227158705393,
        "val_cindex": 0.8150622526804606
    }
}