{
    "split": "mixed_missing",
    "best_monitor_metric": 0.5419150849183401,
    "best_metrics": {
        "val_loss": 0.04332169940074285,
        "val_cindex": 0.5419150849183401
    }
}