{
    "split": "histo_missing",
    "best_monitor_metric": 0.5529414157072703,
    "best_metrics": {
        "val_loss": 0.043321704119443895,
        "val_cindex": 0.5529414157072703
    }
}