{
    "split": "mixed_missing",
    "best_monitor_metric": 0.5241698463757832,
    "best_metrics": {
        "val_loss": 0.04346800595521927,
        "val_cindex": 0.5241698463757832
    }
}