{
    "split": "histo_missing",
    "best_monitor_metric": 0.7150750041007996,
    "best_metrics": {
        "val_loss": 0.29183362958331904,
        "val_cindex": 0.7150750041007996
    }
}
