{
    "split": "ct_missing",
    "best_monitor_metric": 0.7057371894518535,
    "best_metrics": {
        "val_loss": 0.38057956174016,
        "val_cindex": 0.7057371894518535
    }
}