{
    "split": "ct_missing",
    "best_monitor_metric": 0.672879962126414,
    "best_metrics": {
        "val_loss": 0.3631255328655243,
        "val_cindex": 0.672879962126414
    }
}