{
    "split": "mixed_missing",
    "best_monitor_metric": 0.7141109426816304,
    "best_metrics": {
        "val_loss": 0.5290520454446475,
        "val_cindex": 0.7141109426816304
    }
}