{
    "split": "histo_missing",
    "best_monitor_metric": 0.7178347706794739,
    "best_metrics": {
        "val_loss": 0.1743841290473938,
        "val_cindex": 0.7178347706794739
    }
}