{
    "split": "mixed_missing",
    "best_monitor_metric": 0.6873360395431518,
    "best_metrics": {
        "val_loss": 0.9692057092984517,
        "val_cindex": 0.6873360395431518
    }
}
