{
    "split": "mixed_missing",
    "best_monitor_metric": 0.7239073832829793,
    "best_metrics": {
        "val_loss": 0.5641949032743772,
        "val_cindex": 0.7239073832829793
    }
}
