{
    "split": "ct_missing",
    "best_monitor_metric": 0.7578528523445129,
    "best_metrics": {
        "val_loss": 0.2970200354854266,
        "val_cindex": 0.7578528523445129
    }
}
