{
    "split": "histo_missing",
    "best_monitor_metric": 0.8015377521514893,
    "best_metrics": {
        "val_loss": 0.27848558525244393,
        "val_cindex": 0.8015377521514893
    }
}
