{
    "split": "ct_missing",
    "best_monitor_metric": 0.6456027746200561,
    "best_metrics": {
        "val_loss": 0.291449922095732,
        "val_cindex": 0.6456027746200561
    }
}