{
    "split": "histo_missing",
    "best_monitor_metric": 0.7073421518007914,
    "best_metrics": {
        "val_loss": 0.15583751665277912,
        "val_cindex": 0.7073421518007914
    }
}