{
    "split": "mixed_missing",
    "best_monitor_metric": 0.6416150530179342,
    "best_metrics": {
        "val_loss": 0.20834714127753007,
        "val_cindex": 0.6416150530179342
    }
}