{
    "split": "ct_missing",
    "best_monitor_metric": 0.5916700959205627,
    "best_metrics": {
        "val_loss": 0.0434217577179273,
        "val_cindex": 0.5916700959205627
    }
}