{
    "split": "histo_missing",
    "best_monitor_metric": 0.5711501141389211,
    "best_metrics": {
        "val_loss": 0.043347449600696565,
        "val_cindex": 0.5711501141389211
    }
}