{
    "split": "mixed_missing",
    "best_monitor_metric": 0.7382220268249512,
    "best_metrics": {
        "val_loss": 0.1227871150055762,
        "val_cindex": 0.7382220268249512
    }
}