{
    "split": "mixed_missing",
    "best_monitor_metric": 0.682392152150472,
    "best_metrics": {
        "val_loss": 0.1452398767073949,
        "val_cindex": 0.682392152150472
    }
}