{
    "split": "histo_missing",
    "best_monitor_metric": 0.8237740596135458,
    "best_metrics": {
        "val_loss": 0.17650260627269745,
        "val_cindex": 0.8237740596135458
    }
}