{
    "split": "histo_missing",
    "best_monitor_metric": 0.514893772204717,
    "best_metrics": {
        "val_loss": 0.16902694900830587,
        "val_cindex": 0.514893772204717
    }
}