{
    "split": "ct_missing",
    "best_monitor_metric": 0.5423131108283996,
    "best_metrics": {
        "val_loss": 0.1690184712409973,
        "val_cindex": 0.5423131108283996
    }
}