{
    "split": "mixed_missing",
    "best_monitor_metric": 0.6664820988972981,
    "best_metrics": {
        "val_loss": 0.2650337631503741,
        "val_cindex": 0.6664820988972981
    }
}