{
    "split": "ct_missing",
    "best_monitor_metric": 0.6663844625155131,
    "best_metrics": {
        "val_loss": 0.25956410318613055,
        "val_cindex": 0.6663844625155131
    }
}