{
    "split": "mixed_missing",
    "best_monitor_metric": 0.7007763028144837,
    "best_metrics": {
        "val_loss": 0.16030899981657665,
        "val_cindex": 0.7007763028144837
    }
}