{
    "split": "mixed_missing",
    "best_monitor_metric": 0.7957631349563599,
    "best_metrics": {
        "val_loss": 1.577096422513326,
        "val_cindex": 0.7957631349563599
    }
}