{
    "split": "ct_missing",
    "best_monitor_metric": 0.8055249770482381,
    "best_metrics": {
        "val_loss": 1.9264150593015885,
        "val_cindex": 0.8055249770482381
    }
}