{
    "split": "mixed_missing",
    "best_monitor_metric": 0.8250817457834879,
    "best_metrics": {
        "val_loss": 0.35726763167331227,
        "val_cindex": 0.8250817457834879
    }
}