{
    "split": "histo_missing",
    "best_monitor_metric": 0.8560224334398906,
    "best_metrics": {
        "val_loss": 0.08495705989003757,
        "val_cindex": 0.8560224334398906
    }
}