{
    "split": "mixed_missing",
    "best_monitor_metric": 0.569453364610672,
    "best_metrics": {
        "val_loss": 0.04332433541615804,
        "val_cindex": 0.569453364610672
    }
}