{
    "split": "mixed_missing",
    "best_monitor_metric": 0.623244047164917,
    "best_metrics": {
        "val_loss": 0.16868419349193572,
        "val_cindex": 0.623244047164917
    }
}