{
    "split": "histo_missing",
    "best_monitor_metric": 0.697025716304779,
    "best_metrics": {
        "val_loss": 0.1603093256553014,
        "val_cindex": 0.697025716304779
    }
}