{
    "split": "ct_missing",
    "best_monitor_metric": 0.6245512008666992,
    "best_metrics": {
        "val_loss": 0.16060890853405,
        "val_cindex": 0.6245512008666992
    }
}