{
    "split": "mixed_missing",
    "best_monitor_metric": 0.5388271331787109,
    "best_metrics": {
        "val_loss": 0.043321827550729115,
        "val_cindex": 0.5388271331787109
    }
}