{
    "split": "ct_missing",
    "best_monitor_metric": 0.5576492547988892,
    "best_metrics": {
        "val_loss": 0.04332170337438583,
        "val_cindex": 0.5576492547988892
    }
}