{
    "split": "histo_missing",
    "best_monitor_metric": 0.5504202644030253,
    "best_metrics": {
        "val_loss": 0.043321747332811356,
        "val_cindex": 0.5504202644030253
    }
}