{
    "split": "mixed_missing",
    "best_monitor_metric": 0.5949139316876729,
    "best_metrics": {
        "val_loss": 0.25943978925546013,
        "val_cindex": 0.5949139316876729
    }
}