{
    "split": "histo_missing",
    "best_monitor_metric": 0.6072908202807109,
    "best_metrics": {
        "val_loss": 0.2594363182783127,
        "val_cindex": 0.6072908202807109
    }
}