{
    "split": "ct_missing",
    "best_monitor_metric": 0.8443818251291911,
    "best_metrics": {
        "val_loss": 0.21022577037413914,
        "val_cindex": 0.8443818251291911
    }
}
