{
    "split": "mixed_missing",
    "best_monitor_metric": 0.8857291102409363,
    "best_metrics": {
        "val_loss": 0.18707973410685858,
        "val_cindex": 0.8857291102409363
    }
}
