{
    "split": "ct_missing",
    "best_monitor_metric": 0.6091841638088227,
    "best_metrics": {
        "val_loss": 0.046131463597218196,
        "val_cindex": 0.6091841638088227
    }
}