{
    "split": "mixed_missing",
    "best_monitor_metric": 0.5434026877085368,
    "best_metrics": {
        "val_loss": 0.04332365666826566,
        "val_cindex": 0.5434026877085368
    }
}