{
    "split": "histo_missing",
    "best_monitor_metric": 0.5888070821762085,
    "best_metrics": {
        "val_loss": 0.04335194875796636,
        "val_cindex": 0.5888070821762085
    }
}