{
    "split": "ct_missing",
    "best_monitor_metric": 0.6403920471668243,
    "best_metrics": {
        "val_loss": 0.48424829145272574,
        "val_cindex": 0.6403920471668243
    }
}