{
    "split": "histo_missing",
    "best_monitor_metric": 0.6029531617959341,
    "best_metrics": {
        "val_loss": 0.41410495539506276,
        "val_cindex": 0.6029531617959341
    }
}