{
    "split": "mixed_missing",
    "best_monitor_metric": 0.5701977709929148,
    "best_metrics": {
        "val_loss": 0.5078869928916295,
        "val_cindex": 0.5701977709929148
    }
}