{
    "split": "mixed_missing",
    "best_monitor_metric": 0.8330253402392069,
    "best_metrics": {
        "val_loss": 0.2273015876611074,
        "val_cindex": 0.8330253402392069
    }
}