{
    "split": "mixed_missing",
    "best_monitor_metric": 0.64050772190094,
    "best_metrics": {
        "val_loss": 0.16031813820203145,
        "val_cindex": 0.64050772190094
    }
}