{
    "split": "ct_missing",
    "best_monitor_metric": 0.7593939304351807,
    "best_metrics": {
        "val_loss": 0.0,
        "val_cindex": 0.7593939304351807
    }
}