{
    "split": "histo_missing",
    "best_monitor_metric": 0.6206594665845235,
    "best_metrics": {
        "val_loss": 0.14748380581537882,
        "val_cindex": 0.6206594665845235
    }
}