{
    "split": "ct_missing",
    "best_monitor_metric": 0.6100392937660217,
    "best_metrics": {
        "val_loss": 0.14986876646677652,
        "val_cindex": 0.6100392937660217
    }
}