{
    "split": "histo_missing",
    "best_monitor_metric": 0.64205348889033,
    "best_metrics": {
        "val_loss": 0.2804652606447538,
        "val_cindex": 0.64205348889033
    }
}