{
    "split": "mixed_missing",
    "best_monitor_metric": 0.6613966246445974,
    "best_metrics": {
        "val_loss": 0.2776926174759865,
        "val_cindex": 0.6613966246445974
    }
}