{
    "fold_results": [
        {
            "fold": 0,
            "num_train_samples": 74,
            "best_monitor_values": {
                "ct_missing": 0.7439382076263428,
                "histo_missing": 0.6028365929921468,
                "mixed_missing": 0.573737374941508
            },
            "best_metrics_per_split": {
                "ct_missing": {
                    "val_loss": 0.16967769463857016,
                    "val_cindex": 0.7439382076263428
                },
                "histo_missing": {
                    "val_loss": 0.17007350822289785,
                    "val_cindex": 0.6028365929921468
                },
                "mixed_missing": {
                    "val_loss": 0.1719030996163686,
                    "val_cindex": 0.573737374941508
                }
            }
        },
        {
            "fold": 1,
            "num_train_samples": 69,
            "best_monitor_values": {
                "ct_missing": 0.763662846883138,
                "histo_missing": 0.7774370829264323,
                "mixed_missing": 0.7689780116081237
            },
            "best_metrics_per_split": {
                "ct_missing": {
                    "val_loss": 0.22254359523455303,
                    "val_cindex": 0.763662846883138
                },
                "histo_missing": {
                    "val_loss": 0.22116546630859374,
                    "val_cindex": 0.7774370829264323
                },
                "mixed_missing": {
                    "val_loss": 0.2170545220375061,
                    "val_cindex": 0.7689780116081237
                }
            }
        },
        {
            "fold": 2,
            "num_train_samples": 63,
            "best_monitor_values": {
                "ct_missing": 0.786902908484141,
                "histo_missing": 0.8118533968925477,
                "mixed_missing": 0.7782849709192912
            },
            "best_metrics_per_split": {
                "ct_missing": {
                    "val_loss": 0.34254705111185707,
                    "val_cindex": 0.786902908484141
                },
                "histo_missing": {
                    "val_loss": 0.3523717810710271,
                    "val_cindex": 0.8118533968925477
                },
                "mixed_missing": {
                    "val_loss": 0.3568779577811559,
                    "val_cindex": 0.7782849709192912
                }
            }
        },
        {
            "fold": 3,
            "num_train_samples": 66,
            "best_monitor_values": {
                "ct_missing": 0.9857142567634583,
                "histo_missing": 0.9857142567634583,
                "mixed_missing": 0.9857142567634583
            },
            "best_metrics_per_split": {
                "ct_missing": {
                    "val_loss": 0.043321702629327774,
                    "val_cindex": 0.9857142567634583
                },
                "histo_missing": {
                    "val_loss": 0.043321702629327774,
                    "val_cindex": 0.9857142567634583
                },
                "mixed_missing": {
                    "val_loss": 0.043321702629327774,
                    "val_cindex": 0.9857142567634583
                }
            }
        },
        {
            "fold": 4,
            "num_train_samples": 76,
            "best_monitor_values": {
                "ct_missing": 0.7230303088823954,
                "histo_missing": 0.7363636493682861,
                "mixed_missing": 0.7315151651700338
            },
            "best_metrics_per_split": {
                "ct_missing": {
                    "val_loss": 0.0,
                    "val_cindex": 0.7230303088823954
                },
                "histo_missing": {
                    "val_loss": 0.0,
                    "val_cindex": 0.7363636493682861
                },
                "mixed_missing": {
                    "val_loss": 0.0,
                    "val_cindex": 0.7315151651700338
                }
            }
        }
    ]
}