{
    "split": "ct_missing",
    "best_monitor_metric": 0.7090526779492696,
    "best_metrics": {
        "val_loss": 0.7734302207827568,
        "val_cindex": 0.7090526779492696
    }
}
