{
    "split": "histo_missing",
    "best_monitor_metric": 0.7552490870157877,
    "best_metrics": {
        "val_loss": 0.1565539328638503,
        "val_cindex": 0.7552490870157877
    }
}
