{
    "split": "ct_missing",
    "best_monitor_metric": 0.6960231224695842,
    "best_metrics": {
        "val_loss": 0.16030951340993246,
        "val_cindex": 0.6960231224695842
    }
}