{
    "split": "mixed_missing",
    "best_monitor_metric": 0.6875420808792114,
    "best_metrics": {
        "val_loss": 0.16030989984671276,
        "val_cindex": 0.6875420808792114
    }
}