{
    "split": "mixed_missing",
    "best_monitor_metric": 0.6872608025868734,
    "best_metrics": {
        "val_loss": 0.41464165250460305,
        "val_cindex": 0.6872608025868734
    }
}