{
    "split": "mixed_missing",
    "best_monitor_metric": 0.6026428004105886,
    "best_metrics": {
        "val_loss": 0.16901708642641702,
        "val_cindex": 0.6026428004105886
    }
}