{
    "split": "histo_missing",
    "best_monitor_metric": 0.6284309049447377,
    "best_metrics": {
        "val_loss": 0.16901962955792746,
        "val_cindex": 0.6284309049447377
    }
}