{
    "split": "mixed_missing",
    "best_monitor_metric": 0.7672896027565003,
    "best_metrics": {
        "val_loss": 0.08325148473183314,
        "val_cindex": 0.7672896027565003
    }
}