{
    "split": "ct_missing",
    "best_monitor_metric": 0.7342874606450399,
    "best_metrics": {
        "val_loss": 0.09619131187597911,
        "val_cindex": 0.7342874606450399
    }
}
