{
    "split": "histo_missing",
    "best_monitor_metric": 0.7854474663734436,
    "best_metrics": {
        "val_loss": 0.06425501803557078,
        "val_cindex": 0.7854474663734436
    }
}