{
    "split": "histo_missing",
    "best_monitor_metric": 0.685426942507426,
    "best_metrics": {
        "val_loss": 0.2804656118154526,
        "val_cindex": 0.685426942507426
    }
}