{
    "split": "ct_missing",
    "best_monitor_metric": 0.679356038570404,
    "best_metrics": {
        "val_loss": 0.2804758270581563,
        "val_cindex": 0.679356038570404
    }
}