{
    "split": "ct_missing",
    "best_monitor_metric": 0.5836363434791565,
    "best_metrics": {
        "val_loss": 0.0,
        "val_cindex": 0.5836363434791565
    }
}