{
    "split": "mixed_missing",
    "best_monitor_metric": 0.5525659958521525,
    "best_metrics": {
        "val_loss": 0.17102615982294084,
        "val_cindex": 0.5525659958521525
    }
}