{
    "split": "ct_missing",
    "best_monitor_metric": 0.6253263672192891,
    "best_metrics": {
        "val_loss": 0.16901675562063853,
        "val_cindex": 0.6253263672192891
    }
}