{
    "split": "mixed_missing",
    "best_monitor_metric": 0.7930305361747741,
    "best_metrics": {
        "val_loss": 0.15059089759985606,
        "val_cindex": 0.7930305361747741
    }
}