{
    "split": "ct_missing",
    "best_monitor_metric": 0.8074189980824789,
    "best_metrics": {
        "val_loss": 0.1507305363814036,
        "val_cindex": 0.8074189980824789
    }
}