{
    "split": "ct_missing",
    "best_monitor_metric": 0.6270902276039123,
    "best_metrics": {
        "val_loss": 0.4674213056763013,
        "val_cindex": 0.6270902276039123
    }
}
