{
    "split": "histo_missing",
    "best_monitor_metric": 0.6461642662684123,
    "best_metrics": {
        "val_loss": 0.5383555337786674,
        "val_cindex": 0.6461642662684123
    }
}
