{
    "split": "mixed_missing",
    "best_monitor_metric": 0.6350315650304158,
    "best_metrics": {
        "val_loss": 0.5191499476631483,
        "val_cindex": 0.6350315650304158
    }
}