{
    "split": "histo_missing",
    "best_monitor_metric": 0.6686370531717937,
    "best_metrics": {
        "val_loss": 0.23524566292762755,
        "val_cindex": 0.6686370531717937
    }
}