{
    "split": "mixed_missing",
    "best_monitor_metric": 0.6487601478894551,
    "best_metrics": {
        "val_loss": 0.2352034399906794,
        "val_cindex": 0.6487601478894551
    }
}