{
    "split": "ct_missing",
    "best_monitor_metric": 0.5411210735638936,
    "best_metrics": {
        "val_loss": 0.41425343851248425,
        "val_cindex": 0.5411210735638936
    }
}