{
    "split": "mixed_missing",
    "best_monitor_metric": 0.5084650754928589,
    "best_metrics": {
        "val_loss": 0.41449635922908784,
        "val_cindex": 0.5084650754928589
    }
}