{
    "fold_results": [
        {
            "fold": 0,
            "num_train_samples": 61,
            "best_monitor_values": {
                "ct_missing": 0.672879962126414,
                "histo_missing": 0.7123226324717203,
                "mixed_missing": 0.7141109426816304
            },
            "best_metrics_per_split": {
                "ct_missing": {
                    "val_loss": 0.3631255328655243,
                    "val_cindex": 0.672879962126414
                },
                "histo_missing": {
                    "val_loss": 0.43633554346035147,
                    "val_cindex": 0.7123226324717203
                },
                "mixed_missing": {
                    "val_loss": 0.5290520454446475,
                    "val_cindex": 0.7141109426816304
                }
            }
        },
        {
            "fold": 1,
            "num_train_samples": 65,
            "best_monitor_values": {
                "ct_missing": 0.6924980441729228,
                "histo_missing": 0.693308969338735,
                "mixed_missing": 0.6625023245811462
            },
            "best_metrics_per_split": {
                "ct_missing": {
                    "val_loss": 0.12089117914438248,
                    "val_cindex": 0.6924980441729228
                },
                "histo_missing": {
                    "val_loss": 0.09734002898136775,
                    "val_cindex": 0.693308969338735
                },
                "mixed_missing": {
                    "val_loss": 0.1471252332131068,
                    "val_cindex": 0.6625023245811462
                }
            }
        },
        {
            "fold": 2,
            "num_train_samples": 59,
            "best_monitor_values": {
                "ct_missing": 0.8027981281280517,
                "histo_missing": 0.8219547510147095,
                "mixed_missing": 0.8211492141087849
            },
            "best_metrics_per_split": {
                "ct_missing": {
                    "val_loss": 0.10250472476085028,
                    "val_cindex": 0.8027981281280517
                },
                "histo_missing": {
                    "val_loss": 0.05157455901304881,
                    "val_cindex": 0.8219547510147095
                },
                "mixed_missing": {
                    "val_loss": 0.05530927926301956,
                    "val_cindex": 0.8211492141087849
                }
            }
        },
        {
            "fold": 3,
            "num_train_samples": 64,
            "best_monitor_values": {
                "ct_missing": 0.8441051999727885,
                "histo_missing": 0.8658272504806519,
                "mixed_missing": 0.8478986899058024
            },
            "best_metrics_per_split": {
                "ct_missing": {
                    "val_loss": 0.8644713332255681,
                    "val_cindex": 0.8441051999727885
                },
                "histo_missing": {
                    "val_loss": 0.9009591331084569,
                    "val_cindex": 0.8658272504806519
                },
                "mixed_missing": {
                    "val_loss": 0.9380607684453328,
                    "val_cindex": 0.8478986899058024
                }
            }
        }
    ]
}