{
    "split": "histo_missing",
    "best_monitor_metric": 0.5490493138631185,
    "best_metrics": {
        "val_loss": 0.04332294538617134,
        "val_cindex": 0.5490493138631185
    }
}