{
    "split": "histo_missing",
    "best_monitor_metric": 0.5201939642429352,
    "best_metrics": {
        "val_loss": 0.4112205574909846,
        "val_cindex": 0.5201939642429352
    }
}