{
    "split": "ct_missing",
    "best_monitor_metric": 0.636026930809021,
    "best_metrics": {
        "val_loss": 0.0,
        "val_cindex": 0.636026930809021
    }
}