{
    "split": "ct_missing",
    "best_monitor_metric": 0.6967580556869507,
    "best_metrics": {
        "val_loss": 0.1586389789978663,
        "val_cindex": 0.6967580556869507
    }
}