{
    "split": "mixed_missing",
    "best_monitor_metric": 0.6912706057230632,
    "best_metrics": {
        "val_loss": 0.261607093612353,
        "val_cindex": 0.6912706057230632
    }
}