{
    "split": "histo_missing",
    "best_monitor_metric": 0.7193574666976928,
    "best_metrics": {
        "val_loss": 0.1507012943426768,
        "val_cindex": 0.7193574666976928
    }
}