{
    "split": "mixed_missing",
    "best_monitor_metric": 0.6619686325391133,
    "best_metrics": {
        "val_loss": 0.16861000061035156,
        "val_cindex": 0.6619686325391133
    }
}