{
    "split": "ct_missing",
    "best_monitor_metric": 0.6872036576271057,
    "best_metrics": {
        "val_loss": 0.17011979222297668,
        "val_cindex": 0.6872036576271057
    }
}